[
  {
    "id": "bc6554ff-10aa-4112-a1b9-140a82fadc1f",
    "name": "ABC Stimme – eleven_storytime",
    "emoji": "🎙️",
    "created": 1763159548353,
    "clips": [
      {
        "id": "0978b01c-e1f9-42d5-84c2-af6622feecdc",
        "letter": "A",
        "difficulty": "LEICHT",
        "created": 1763158115714,
        "file": "A-eleven_storytime-LEICHT-0978b01c-e1f9-42d5-84c2-af6622feecdc.mp3"
      },
      {
        "id": "581d69a0-1e9e-4242-b3df-e998a1a8fa6c",
        "letter": "A",
        "difficulty": "MITTEL",
        "created": 1763158118919,
        "file": "A-eleven_storytime-MITTEL-581d69a0-1e9e-4242-b3df-e998a1a8fa6c.mp3"
      },
      {
        "id": "92f6eb99-26b1-4b38-8fee-8c9ef07f91bb",
        "letter": "A",
        "difficulty": "SCHWER",
        "created": 1763158120923,
        "file": "A-eleven_storytime-SCHWER-92f6eb99-26b1-4b38-8fee-8c9ef07f91bb.mp3"
      },
      {
        "id": "d8667790-a582-4d3c-a296-a600b6e2a138",
        "letter": "A",
        "difficulty": "AFFIG",
        "created": 1763158122967,
        "file": "A-eleven_storytime-AFFIG-d8667790-a582-4d3c-a296-a600b6e2a138.mp3"
      },
      {
        "id": "6ce648b7-e2a0-4f86-b980-e9abf35689c2",
        "letter": "B",
        "difficulty": "LEICHT",
        "created": 1763158125337,
        "file": "B-eleven_storytime-LEICHT-6ce648b7-e2a0-4f86-b980-e9abf35689c2.mp3"
      },
      {
        "id": "3001867c-1a32-49de-b586-a9842bd93030",
        "letter": "B",
        "difficulty": "MITTEL",
        "created": 1763158126381,
        "file": "B-eleven_storytime-MITTEL-3001867c-1a32-49de-b586-a9842bd93030.mp3"
      },
      {
        "id": "924f6faa-674b-4c66-8fa4-3162decb9b19",
        "letter": "B",
        "difficulty": "SCHWER",
        "created": 1763158128793,
        "file": "B-eleven_storytime-SCHWER-924f6faa-674b-4c66-8fa4-3162decb9b19.mp3"
      },
      {
        "id": "0aad0cfb-a707-4bf0-8fc1-7ee91730395f",
        "letter": "B",
        "difficulty": "AFFIG",
        "created": 1763158130520,
        "file": "B-eleven_storytime-AFFIG-0aad0cfb-a707-4bf0-8fc1-7ee91730395f.mp3"
      },
      {
        "id": "e2974d92-b8ac-4bb6-aafd-bc05c0207814",
        "letter": "C",
        "difficulty": "LEICHT",
        "created": 1763158132997,
        "file": "C-eleven_storytime-LEICHT-e2974d92-b8ac-4bb6-aafd-bc05c0207814.mp3"
      },
      {
        "id": "565c9d0d-d69b-4e47-93ba-4fe513b64b28",
        "letter": "C",
        "difficulty": "MITTEL",
        "created": 1763158134108,
        "file": "C-eleven_storytime-MITTEL-565c9d0d-d69b-4e47-93ba-4fe513b64b28.mp3"
      },
      {
        "id": "0dee751e-c3f0-4293-8c2c-a94750390c8a",
        "letter": "C",
        "difficulty": "SCHWER",
        "created": 1763158136258,
        "file": "C-eleven_storytime-SCHWER-0dee751e-c3f0-4293-8c2c-a94750390c8a.mp3"
      },
      {
        "id": "e0178b73-c197-479d-846d-4a10e710d115",
        "letter": "C",
        "difficulty": "AFFIG",
        "created": 1763158138123,
        "file": "C-eleven_storytime-AFFIG-e0178b73-c197-479d-846d-4a10e710d115.mp3"
      },
      {
        "id": "a3e423db-dd0c-46a8-9f19-1edbb4de6352",
        "letter": "D",
        "difficulty": "LEICHT",
        "created": 1763158140154,
        "file": "D-eleven_storytime-LEICHT-a3e423db-dd0c-46a8-9f19-1edbb4de6352.mp3"
      },
      {
        "id": "0dc74710-40a3-43ee-8073-ad22887497a6",
        "letter": "D",
        "difficulty": "MITTEL",
        "created": 1763158141637,
        "file": "D-eleven_storytime-MITTEL-0dc74710-40a3-43ee-8073-ad22887497a6.mp3"
      },
      {
        "id": "4d82b26f-5c11-427c-afca-7eeefa7bd04d",
        "letter": "D",
        "difficulty": "SCHWER",
        "created": 1763158143329,
        "file": "D-eleven_storytime-SCHWER-4d82b26f-5c11-427c-afca-7eeefa7bd04d.mp3"
      },
      {
        "id": "24e03e59-18d4-481d-9266-5a4a7b911e24",
        "letter": "D",
        "difficulty": "AFFIG",
        "created": 1763158145776,
        "file": "D-eleven_storytime-AFFIG-24e03e59-18d4-481d-9266-5a4a7b911e24.mp3"
      },
      {
        "id": "13c7cebd-55f9-45d7-9988-24392b60e781",
        "letter": "E",
        "difficulty": "LEICHT",
        "created": 1763158148011,
        "file": "E-eleven_storytime-LEICHT-13c7cebd-55f9-45d7-9988-24392b60e781.mp3"
      },
      {
        "id": "306c4fd8-31ac-4c4e-9a38-49b50c30091d",
        "letter": "E",
        "difficulty": "MITTEL",
        "created": 1763158149164,
        "file": "E-eleven_storytime-MITTEL-306c4fd8-31ac-4c4e-9a38-49b50c30091d.mp3"
      },
      {
        "id": "84b3ee53-8971-4a62-ac00-42aae96067c4",
        "letter": "E",
        "difficulty": "SCHWER",
        "created": 1763158151209,
        "file": "E-eleven_storytime-SCHWER-84b3ee53-8971-4a62-ac00-42aae96067c4.mp3"
      },
      {
        "id": "95701f8b-b373-4c88-a6bb-678cf5cc89bd",
        "letter": "E",
        "difficulty": "AFFIG",
        "created": 1763158153033,
        "file": "E-eleven_storytime-AFFIG-95701f8b-b373-4c88-a6bb-678cf5cc89bd.mp3"
      },
      {
        "id": "14ae12ab-1aa5-4bdd-bdc7-6e976cb9c8ac",
        "letter": "F",
        "difficulty": "LEICHT",
        "created": 1763158155300,
        "file": "F-eleven_storytime-LEICHT-14ae12ab-1aa5-4bdd-bdc7-6e976cb9c8ac.mp3"
      },
      {
        "id": "867f3b47-11b4-486f-8255-5c33276b6f51",
        "letter": "F",
        "difficulty": "MITTEL",
        "created": 1763158156476,
        "file": "F-eleven_storytime-MITTEL-867f3b47-11b4-486f-8255-5c33276b6f51.mp3"
      },
      {
        "id": "9d4ddf68-30da-414b-b70e-5599c01b67a0",
        "letter": "F",
        "difficulty": "SCHWER",
        "created": 1763158158698,
        "file": "F-eleven_storytime-SCHWER-9d4ddf68-30da-414b-b70e-5599c01b67a0.mp3"
      },
      {
        "id": "c2ec3172-1d2d-4927-85b7-aba9a9385731",
        "letter": "F",
        "difficulty": "AFFIG",
        "created": 1763158160546,
        "file": "F-eleven_storytime-AFFIG-c2ec3172-1d2d-4927-85b7-aba9a9385731.mp3"
      },
      {
        "id": "0859c57d-70c3-4c93-a1cd-58bf9ea0f145",
        "letter": "G",
        "difficulty": "LEICHT",
        "created": 1763158162714,
        "file": "G-eleven_storytime-LEICHT-0859c57d-70c3-4c93-a1cd-58bf9ea0f145.mp3"
      },
      {
        "id": "8d465291-ed96-4914-904d-c5f697952ee8",
        "letter": "G",
        "difficulty": "MITTEL",
        "created": 1763158164837,
        "file": "G-eleven_storytime-MITTEL-8d465291-ed96-4914-904d-c5f697952ee8.mp3"
      },
      {
        "id": "d66de86d-5433-432a-9834-78c8ef7801f3",
        "letter": "G",
        "difficulty": "SCHWER",
        "created": 1763158166348,
        "file": "G-eleven_storytime-SCHWER-d66de86d-5433-432a-9834-78c8ef7801f3.mp3"
      },
      {
        "id": "2a0ec07e-d02f-41af-99f9-2cf382c55ae1",
        "letter": "G",
        "difficulty": "AFFIG",
        "created": 1763158168927,
        "file": "G-eleven_storytime-AFFIG-2a0ec07e-d02f-41af-99f9-2cf382c55ae1.mp3"
      },
      {
        "id": "1722445d-b539-45b8-875f-0e2227df677e",
        "letter": "H",
        "difficulty": "LEICHT",
        "created": 1763158171178,
        "file": "H-eleven_storytime-LEICHT-1722445d-b539-45b8-875f-0e2227df677e.mp3"
      },
      {
        "id": "b953ea1a-3473-4387-a5a7-ea424d6cb6f0",
        "letter": "H",
        "difficulty": "MITTEL",
        "created": 1763158172155,
        "file": "H-eleven_storytime-MITTEL-b953ea1a-3473-4387-a5a7-ea424d6cb6f0.mp3"
      },
      {
        "id": "69626170-1943-44c7-a8bd-1d96767caf78",
        "letter": "H",
        "difficulty": "SCHWER",
        "created": 1763158175194,
        "file": "H-eleven_storytime-SCHWER-69626170-1943-44c7-a8bd-1d96767caf78.mp3"
      },
      {
        "id": "cff37143-b8e2-4f8a-b2c3-68e3285bd88d",
        "letter": "H",
        "difficulty": "AFFIG",
        "created": 1763158176604,
        "file": "H-eleven_storytime-AFFIG-cff37143-b8e2-4f8a-b2c3-68e3285bd88d.mp3"
      },
      {
        "id": "25e7c058-2c70-4db9-ae30-dfce29fd8e34",
        "letter": "I",
        "difficulty": "LEICHT",
        "created": 1763158178772,
        "file": "I-eleven_storytime-LEICHT-25e7c058-2c70-4db9-ae30-dfce29fd8e34.mp3"
      },
      {
        "id": "b858d263-c103-489f-a84e-ce2e2ef237e0",
        "letter": "I",
        "difficulty": "MITTEL",
        "created": 1763158179792,
        "file": "I-eleven_storytime-MITTEL-b858d263-c103-489f-a84e-ce2e2ef237e0.mp3"
      },
      {
        "id": "871709a5-1b84-4d5e-bc9c-16c92d821086",
        "letter": "I",
        "difficulty": "SCHWER",
        "created": 1763158181911,
        "file": "I-eleven_storytime-SCHWER-871709a5-1b84-4d5e-bc9c-16c92d821086.mp3"
      },
      {
        "id": "88cb616b-1ecd-42cd-8113-378d29962bf4",
        "letter": "I",
        "difficulty": "AFFIG",
        "created": 1763158183639,
        "file": "I-eleven_storytime-AFFIG-88cb616b-1ecd-42cd-8113-378d29962bf4.mp3"
      },
      {
        "id": "d1d5e682-26bb-46a4-bda3-0b8c3bd5f661",
        "letter": "J",
        "difficulty": "LEICHT",
        "created": 1763158185804,
        "file": "J-eleven_storytime-LEICHT-d1d5e682-26bb-46a4-bda3-0b8c3bd5f661.mp3"
      },
      {
        "id": "7c5890e2-803a-462f-b77e-b9ef61f2bed8",
        "letter": "J",
        "difficulty": "MITTEL",
        "created": 1763158187416,
        "file": "J-eleven_storytime-MITTEL-7c5890e2-803a-462f-b77e-b9ef61f2bed8.mp3"
      },
      {
        "id": "27cdbf42-70bb-4602-ba15-90f191457fff",
        "letter": "J",
        "difficulty": "SCHWER",
        "created": 1763158189108,
        "file": "J-eleven_storytime-SCHWER-27cdbf42-70bb-4602-ba15-90f191457fff.mp3"
      },
      {
        "id": "f61b08a0-66e0-4956-92c2-2df7868dc483",
        "letter": "J",
        "difficulty": "AFFIG",
        "created": 1763158191354,
        "file": "J-eleven_storytime-AFFIG-f61b08a0-66e0-4956-92c2-2df7868dc483.mp3"
      },
      {
        "id": "f233a34b-f6cd-4435-8d13-255a637b3a9d",
        "letter": "K",
        "difficulty": "LEICHT",
        "created": 1763158193403,
        "file": "K-eleven_storytime-LEICHT-f233a34b-f6cd-4435-8d13-255a637b3a9d.mp3"
      },
      {
        "id": "3f8a6ebb-ac11-49bf-992e-08d1a0dc2f9a",
        "letter": "K",
        "difficulty": "MITTEL",
        "created": 1763158194640,
        "file": "K-eleven_storytime-MITTEL-3f8a6ebb-ac11-49bf-992e-08d1a0dc2f9a.mp3"
      },
      {
        "id": "dbb47477-b6e2-4bba-a848-c3646f8c9d53",
        "letter": "K",
        "difficulty": "SCHWER",
        "created": 1763158196691,
        "file": "K-eleven_storytime-SCHWER-dbb47477-b6e2-4bba-a848-c3646f8c9d53.mp3"
      },
      {
        "id": "368b0e71-ae56-461e-9963-092b56cb4a87",
        "letter": "K",
        "difficulty": "AFFIG",
        "created": 1763158198772,
        "file": "K-eleven_storytime-AFFIG-368b0e71-ae56-461e-9963-092b56cb4a87.mp3"
      },
      {
        "id": "f3f4e55c-3af2-43bf-80e3-d678ed797678",
        "letter": "L",
        "difficulty": "LEICHT",
        "created": 1763158200746,
        "file": "L-eleven_storytime-LEICHT-f3f4e55c-3af2-43bf-80e3-d678ed797678.mp3"
      },
      {
        "id": "a470742b-90e9-4fc7-b428-67b1b069df67",
        "letter": "L",
        "difficulty": "MITTEL",
        "created": 1763158201791,
        "file": "L-eleven_storytime-MITTEL-a470742b-90e9-4fc7-b428-67b1b069df67.mp3"
      },
      {
        "id": "4ff7871a-8643-4b3e-8bac-3195d1792526",
        "letter": "L",
        "difficulty": "SCHWER",
        "created": 1763158203827,
        "file": "L-eleven_storytime-SCHWER-4ff7871a-8643-4b3e-8bac-3195d1792526.mp3"
      },
      {
        "id": "6aa1094a-f572-43b7-b123-36b37057f60a",
        "letter": "L",
        "difficulty": "AFFIG",
        "created": 1763158206054,
        "file": "L-eleven_storytime-AFFIG-6aa1094a-f572-43b7-b123-36b37057f60a.mp3"
      },
      {
        "id": "89c1f6a5-58a4-492f-aff8-fbfd9d20a18e",
        "letter": "M",
        "difficulty": "LEICHT",
        "created": 1763158208163,
        "file": "M-eleven_storytime-LEICHT-89c1f6a5-58a4-492f-aff8-fbfd9d20a18e.mp3"
      },
      {
        "id": "5db3f048-52e7-4042-9e87-16f7e59f381a",
        "letter": "M",
        "difficulty": "MITTEL",
        "created": 1763158209474,
        "file": "M-eleven_storytime-MITTEL-5db3f048-52e7-4042-9e87-16f7e59f381a.mp3"
      },
      {
        "id": "829c52f0-b5f8-4519-b2d3-78e5a7e433ec",
        "letter": "M",
        "difficulty": "SCHWER",
        "created": 1763158211495,
        "file": "M-eleven_storytime-SCHWER-829c52f0-b5f8-4519-b2d3-78e5a7e433ec.mp3"
      },
      {
        "id": "c47628a1-fe47-4cfa-b722-c642371a37ee",
        "letter": "M",
        "difficulty": "AFFIG",
        "created": 1763158213650,
        "file": "M-eleven_storytime-AFFIG-c47628a1-fe47-4cfa-b722-c642371a37ee.mp3"
      },
      {
        "id": "e5f67004-7e48-4371-8e5c-a29beb2afa20",
        "letter": "N",
        "difficulty": "LEICHT",
        "created": 1763158624031,
        "file": "N-eleven_storytime-LEICHT-e5f67004-7e48-4371-8e5c-a29beb2afa20.mp3"
      },
      {
        "id": "d533d373-da71-40c9-a603-7c6d69e239ed",
        "letter": "N",
        "difficulty": "MITTEL",
        "created": 1763158626226,
        "file": "N-eleven_storytime-MITTEL-d533d373-da71-40c9-a603-7c6d69e239ed.mp3"
      },
      {
        "id": "0e90cfdb-3137-44a9-9704-e628d41ad0ea",
        "letter": "N",
        "difficulty": "SCHWER",
        "created": 1763158627625,
        "file": "N-eleven_storytime-SCHWER-0e90cfdb-3137-44a9-9704-e628d41ad0ea.mp3"
      },
      {
        "id": "c8c6c90e-265a-49a8-b841-6ff56047e063",
        "letter": "N",
        "difficulty": "AFFIG",
        "created": 1763158630311,
        "file": "N-eleven_storytime-AFFIG-c8c6c90e-265a-49a8-b841-6ff56047e063.mp3"
      },
      {
        "id": "669323cf-904c-496d-9f0c-38d86441ec26",
        "letter": "O",
        "difficulty": "LEICHT",
        "created": 1763158631884,
        "file": "O-eleven_storytime-LEICHT-669323cf-904c-496d-9f0c-38d86441ec26.mp3"
      },
      {
        "id": "02de8070-b9d7-43d1-acfa-3371e7040522",
        "letter": "O",
        "difficulty": "MITTEL",
        "created": 1763158633592,
        "file": "O-eleven_storytime-MITTEL-02de8070-b9d7-43d1-acfa-3371e7040522.mp3"
      },
      {
        "id": "6d23b152-60bb-448f-b850-202d1ef00946",
        "letter": "O",
        "difficulty": "SCHWER",
        "created": 1763158635166,
        "file": "O-eleven_storytime-SCHWER-6d23b152-60bb-448f-b850-202d1ef00946.mp3"
      },
      {
        "id": "e47a0434-6414-44df-88f8-9f3cc81cef31",
        "letter": "O",
        "difficulty": "AFFIG",
        "created": 1763158637606,
        "file": "O-eleven_storytime-AFFIG-e47a0434-6414-44df-88f8-9f3cc81cef31.mp3"
      },
      {
        "id": "7e3eefda-3121-4e3d-9265-3a400735f5d9",
        "letter": "P",
        "difficulty": "LEICHT",
        "created": 1763158639919,
        "file": "P-eleven_storytime-LEICHT-7e3eefda-3121-4e3d-9265-3a400735f5d9.mp3"
      },
      {
        "id": "ae34b3fb-afb5-4f1b-8e99-e9feee1b75c7",
        "letter": "P",
        "difficulty": "MITTEL",
        "created": 1763158641029,
        "file": "P-eleven_storytime-MITTEL-ae34b3fb-afb5-4f1b-8e99-e9feee1b75c7.mp3"
      },
      {
        "id": "f4ff1263-e3fc-49a5-ab15-f4776a19b835",
        "letter": "P",
        "difficulty": "SCHWER",
        "created": 1763158643202,
        "file": "P-eleven_storytime-SCHWER-f4ff1263-e3fc-49a5-ab15-f4776a19b835.mp3"
      },
      {
        "id": "a21e988d-edfa-49d3-9043-0d7ab6a7a184",
        "letter": "P",
        "difficulty": "AFFIG",
        "created": 1763158645557,
        "file": "P-eleven_storytime-AFFIG-a21e988d-edfa-49d3-9043-0d7ab6a7a184.mp3"
      },
      {
        "id": "6f12b5a5-9620-4d37-a121-ad3a0f6d9580",
        "letter": "Q",
        "difficulty": "LEICHT",
        "created": 1763158647774,
        "file": "Q-eleven_storytime-LEICHT-6f12b5a5-9620-4d37-a121-ad3a0f6d9580.mp3"
      },
      {
        "id": "fe8ad646-1210-4b1e-964b-670936ff7d67",
        "letter": "Q",
        "difficulty": "MITTEL",
        "created": 1763158648862,
        "file": "Q-eleven_storytime-MITTEL-fe8ad646-1210-4b1e-964b-670936ff7d67.mp3"
      },
      {
        "id": "b78f80b0-6d2c-446d-9f9b-0ddb58f02769",
        "letter": "Q",
        "difficulty": "SCHWER",
        "created": 1763158651338,
        "file": "Q-eleven_storytime-SCHWER-b78f80b0-6d2c-446d-9f9b-0ddb58f02769.mp3"
      },
      {
        "id": "5d92b00c-0874-4710-979c-e6bbf2e86614",
        "letter": "Q",
        "difficulty": "AFFIG",
        "created": 1763158653760,
        "file": "Q-eleven_storytime-AFFIG-5d92b00c-0874-4710-979c-e6bbf2e86614.mp3"
      },
      {
        "id": "10e991d6-4c79-4336-8b0e-208d5e9f1295",
        "letter": "R",
        "difficulty": "LEICHT",
        "created": 1763158655571,
        "file": "R-eleven_storytime-LEICHT-10e991d6-4c79-4336-8b0e-208d5e9f1295.mp3"
      },
      {
        "id": "609054a4-8020-4410-b4b8-fb53eb46f88e",
        "letter": "R",
        "difficulty": "MITTEL",
        "created": 1763158657239,
        "file": "R-eleven_storytime-MITTEL-609054a4-8020-4410-b4b8-fb53eb46f88e.mp3"
      },
      {
        "id": "484db28b-9d16-4842-9890-f8222eb53b4e",
        "letter": "R",
        "difficulty": "SCHWER",
        "created": 1763158658824,
        "file": "R-eleven_storytime-SCHWER-484db28b-9d16-4842-9890-f8222eb53b4e.mp3"
      },
      {
        "id": "086b2b36-e88a-4351-aa96-e3b1af4e1476",
        "letter": "R",
        "difficulty": "AFFIG",
        "created": 1763158661351,
        "file": "R-eleven_storytime-AFFIG-086b2b36-e88a-4351-aa96-e3b1af4e1476.mp3"
      },
      {
        "id": "b1d984b1-5467-4c21-9bcd-b5c47e14c17a",
        "letter": "S",
        "difficulty": "LEICHT",
        "created": 1763158663414,
        "file": "S-eleven_storytime-LEICHT-b1d984b1-5467-4c21-9bcd-b5c47e14c17a.mp3"
      },
      {
        "id": "81ac7c88-ca75-4280-a142-954989c20a66",
        "letter": "S",
        "difficulty": "MITTEL",
        "created": 1763158664543,
        "file": "S-eleven_storytime-MITTEL-81ac7c88-ca75-4280-a142-954989c20a66.mp3"
      },
      {
        "id": "c875d4e7-1f85-48aa-bcb3-73916903f4e1",
        "letter": "S",
        "difficulty": "SCHWER",
        "created": 1763158666764,
        "file": "S-eleven_storytime-SCHWER-c875d4e7-1f85-48aa-bcb3-73916903f4e1.mp3"
      },
      {
        "id": "670813f2-9ab7-4d1c-8ece-5fa78f127c22",
        "letter": "S",
        "difficulty": "AFFIG",
        "created": 1763158668621,
        "file": "S-eleven_storytime-AFFIG-670813f2-9ab7-4d1c-8ece-5fa78f127c22.mp3"
      },
      {
        "id": "8719cd53-07f2-4cc8-bdbe-f1d73d9ac97b",
        "letter": "T",
        "difficulty": "LEICHT",
        "created": 1763158670808,
        "file": "T-eleven_storytime-LEICHT-8719cd53-07f2-4cc8-bdbe-f1d73d9ac97b.mp3"
      },
      {
        "id": "36e53c8f-968e-4281-9023-fac49c255aaa",
        "letter": "T",
        "difficulty": "MITTEL",
        "created": 1763158672284,
        "file": "T-eleven_storytime-MITTEL-36e53c8f-968e-4281-9023-fac49c255aaa.mp3"
      },
      {
        "id": "2480f3cb-3260-41ee-ab0d-5b303398766e",
        "letter": "T",
        "difficulty": "SCHWER",
        "created": 1763158674203,
        "file": "T-eleven_storytime-SCHWER-2480f3cb-3260-41ee-ab0d-5b303398766e.mp3"
      },
      {
        "id": "669aecd0-f089-48a6-b615-333f3d3edfe3",
        "letter": "T",
        "difficulty": "AFFIG",
        "created": 1763158676489,
        "file": "T-eleven_storytime-AFFIG-669aecd0-f089-48a6-b615-333f3d3edfe3.mp3"
      },
      {
        "id": "2663789d-7883-4d8f-bc9b-c155ed57ef30",
        "letter": "U",
        "difficulty": "LEICHT",
        "created": 1763158678325,
        "file": "U-eleven_storytime-LEICHT-2663789d-7883-4d8f-bc9b-c155ed57ef30.mp3"
      },
      {
        "id": "64d29333-29dd-43bb-b9c5-537dadd20960",
        "letter": "U",
        "difficulty": "MITTEL",
        "created": 1763158679868,
        "file": "U-eleven_storytime-MITTEL-64d29333-29dd-43bb-b9c5-537dadd20960.mp3"
      },
      {
        "id": "aa8c1e71-252f-4ae6-b9d8-20d86fd7e3db",
        "letter": "U",
        "difficulty": "SCHWER",
        "created": 1763158681541,
        "file": "U-eleven_storytime-SCHWER-aa8c1e71-252f-4ae6-b9d8-20d86fd7e3db.mp3"
      },
      {
        "id": "20c1c15e-9982-4524-a470-f1fcccadca4f",
        "letter": "U",
        "difficulty": "AFFIG",
        "created": 1763158684090,
        "file": "U-eleven_storytime-AFFIG-20c1c15e-9982-4524-a470-f1fcccadca4f.mp3"
      },
      {
        "id": "1da505a2-9862-4f2b-a59d-3707e1bfdfe9",
        "letter": "V",
        "difficulty": "LEICHT",
        "created": 1763158686252,
        "file": "V-eleven_storytime-LEICHT-1da505a2-9862-4f2b-a59d-3707e1bfdfe9.mp3"
      },
      {
        "id": "f42294cf-a986-4fda-8534-e64ca1b7502d",
        "letter": "V",
        "difficulty": "MITTEL",
        "created": 1763158687373,
        "file": "V-eleven_storytime-MITTEL-f42294cf-a986-4fda-8534-e64ca1b7502d.mp3"
      },
      {
        "id": "9ca6eebe-26a6-4dd5-b84e-fe1b1f834fd8",
        "letter": "V",
        "difficulty": "SCHWER",
        "created": 1763158689574,
        "file": "V-eleven_storytime-SCHWER-9ca6eebe-26a6-4dd5-b84e-fe1b1f834fd8.mp3"
      },
      {
        "id": "d35d5d3a-88ef-4c71-9be6-e97c60dab10c",
        "letter": "V",
        "difficulty": "AFFIG",
        "created": 1763158691698,
        "file": "V-eleven_storytime-AFFIG-d35d5d3a-88ef-4c71-9be6-e97c60dab10c.mp3"
      },
      {
        "id": "bfba6ae4-deaa-44ba-80d6-7c77bc7e9abd",
        "letter": "W",
        "difficulty": "LEICHT",
        "created": 1763158693798,
        "file": "W-eleven_storytime-LEICHT-bfba6ae4-deaa-44ba-80d6-7c77bc7e9abd.mp3"
      },
      {
        "id": "ed943b0f-c319-42b3-8985-1ff187695265",
        "letter": "W",
        "difficulty": "MITTEL",
        "created": 1763158695598,
        "file": "W-eleven_storytime-MITTEL-ed943b0f-c319-42b3-8985-1ff187695265.mp3"
      },
      {
        "id": "aa39a4ab-20e3-4aa7-89bc-5901a696bd5f",
        "letter": "W",
        "difficulty": "SCHWER",
        "created": 1763158697170,
        "file": "W-eleven_storytime-SCHWER-aa39a4ab-20e3-4aa7-89bc-5901a696bd5f.mp3"
      },
      {
        "id": "1c295520-d5e9-4e0d-a2c1-70c54073a017",
        "letter": "W",
        "difficulty": "AFFIG",
        "created": 1763158699598,
        "file": "W-eleven_storytime-AFFIG-1c295520-d5e9-4e0d-a2c1-70c54073a017.mp3"
      },
      {
        "id": "ae55cca2-26a7-4690-9358-8d41e9b3a7fd",
        "letter": "X",
        "difficulty": "LEICHT",
        "created": 1763158701318,
        "file": "X-eleven_storytime-LEICHT-ae55cca2-26a7-4690-9358-8d41e9b3a7fd.mp3"
      },
      {
        "id": "f339b962-2334-4e0b-a9d3-3878fdc9d628",
        "letter": "X",
        "difficulty": "MITTEL",
        "created": 1763158702939,
        "file": "X-eleven_storytime-MITTEL-f339b962-2334-4e0b-a9d3-3878fdc9d628.mp3"
      },
      {
        "id": "ad2770e3-f6f8-4ebe-ba9d-37c37cfdf6f6",
        "letter": "X",
        "difficulty": "SCHWER",
        "created": 1763158704550,
        "file": "X-eleven_storytime-SCHWER-ad2770e3-f6f8-4ebe-ba9d-37c37cfdf6f6.mp3"
      },
      {
        "id": "ff68dd7d-6a34-4304-a39b-0f76a04ce433",
        "letter": "X",
        "difficulty": "AFFIG",
        "created": 1763158707045,
        "file": "X-eleven_storytime-AFFIG-ff68dd7d-6a34-4304-a39b-0f76a04ce433.mp3"
      },
      {
        "id": "d61d1cc5-df68-4007-aacd-a92d458401b5",
        "letter": "Y",
        "difficulty": "LEICHT",
        "created": 1763158709210,
        "file": "Y-eleven_storytime-LEICHT-d61d1cc5-df68-4007-aacd-a92d458401b5.mp3"
      },
      {
        "id": "27f5b34c-8dd1-4616-8a02-4215a09fc539",
        "letter": "Y",
        "difficulty": "MITTEL",
        "created": 1763158710370,
        "file": "Y-eleven_storytime-MITTEL-27f5b34c-8dd1-4616-8a02-4215a09fc539.mp3"
      },
      {
        "id": "e0aa6cdb-d737-4985-8f84-db1b0c3e8ace",
        "letter": "Y",
        "difficulty": "SCHWER",
        "created": 1763158712535,
        "file": "Y-eleven_storytime-SCHWER-e0aa6cdb-d737-4985-8f84-db1b0c3e8ace.mp3"
      },
      {
        "id": "6f2662f1-67fe-4a6e-9869-8632d6a91d6a",
        "letter": "Y",
        "difficulty": "AFFIG",
        "created": 1763158714701,
        "file": "Y-eleven_storytime-AFFIG-6f2662f1-67fe-4a6e-9869-8632d6a91d6a.mp3"
      },
      {
        "id": "3fdfd765-1f55-484e-90ef-d33f8cb813e4",
        "letter": "Z",
        "difficulty": "LEICHT",
        "created": 1763158716948,
        "file": "Z-eleven_storytime-LEICHT-3fdfd765-1f55-484e-90ef-d33f8cb813e4.mp3"
      },
      {
        "id": "f7c3e7de-cc4d-4a36-bd44-d2a50ec337a7",
        "letter": "Z",
        "difficulty": "MITTEL",
        "created": 1763158718215,
        "file": "Z-eleven_storytime-MITTEL-f7c3e7de-cc4d-4a36-bd44-d2a50ec337a7.mp3"
      },
      {
        "id": "ca038b43-85fc-445f-b4df-c7d234dd8153",
        "letter": "Z",
        "difficulty": "SCHWER",
        "created": 1763158720336,
        "file": "Z-eleven_storytime-SCHWER-ca038b43-85fc-445f-b4df-c7d234dd8153.mp3"
      },
      {
        "id": "d12f1de0-4cd5-498a-b8ad-5cb13c157e8f",
        "letter": "Z",
        "difficulty": "AFFIG",
        "created": 1763158722540,
        "file": "Z-eleven_storytime-AFFIG-d12f1de0-4cd5-498a-b8ad-5cb13c157e8f.mp3"
      }
    ]
  }
]