[
  {
    "id": "0b6b3440-55f2-4f77-bfca-172638a2065c",
    "name": "ABC Stimme – eleven_teacher",
    "emoji": "🎙️",
    "created": 1763159548353,
    "clips": [
      {
        "id": "042e8876-41ab-4248-8c30-a84159929567",
        "letter": "A",
        "difficulty": "LEICHT",
        "created": 1763158118646,
        "file": "A-eleven_teacher-LEICHT-042e8876-41ab-4248-8c30-a84159929567.mp3"
      },
      {
        "id": "870b7668-40f1-48a6-a889-960d6cbf25bb",
        "letter": "A",
        "difficulty": "MITTEL",
        "created": 1763158119806,
        "file": "A-eleven_teacher-MITTEL-870b7668-40f1-48a6-a889-960d6cbf25bb.mp3"
      },
      {
        "id": "23eccd80-278b-4233-899a-ec4e5ec610ff",
        "letter": "A",
        "difficulty": "SCHWER",
        "created": 1763158121251,
        "file": "A-eleven_teacher-SCHWER-23eccd80-278b-4233-899a-ec4e5ec610ff.mp3"
      },
      {
        "id": "bb2c8d08-7c7c-40bb-a1f8-c1cac3652304",
        "letter": "A",
        "difficulty": "AFFIG",
        "created": 1763158124263,
        "file": "A-eleven_teacher-AFFIG-bb2c8d08-7c7c-40bb-a1f8-c1cac3652304.mp3"
      },
      {
        "id": "ef2583c3-7f55-4a09-ad2d-f96b51e2f2f9",
        "letter": "B",
        "difficulty": "LEICHT",
        "created": 1763158125326,
        "file": "B-eleven_teacher-LEICHT-ef2583c3-7f55-4a09-ad2d-f96b51e2f2f9.mp3"
      },
      {
        "id": "0794a88f-4609-4825-ad43-535fdefb4f96",
        "letter": "B",
        "difficulty": "MITTEL",
        "created": 1763158127284,
        "file": "B-eleven_teacher-MITTEL-0794a88f-4609-4825-ad43-535fdefb4f96.mp3"
      },
      {
        "id": "49a76fa0-cf82-4bed-8689-a37b93a95bb5",
        "letter": "B",
        "difficulty": "SCHWER",
        "created": 1763158129004,
        "file": "B-eleven_teacher-SCHWER-49a76fa0-cf82-4bed-8689-a37b93a95bb5.mp3"
      },
      {
        "id": "6e2f12d4-1b28-46de-ba86-aef4692f8895",
        "letter": "B",
        "difficulty": "AFFIG",
        "created": 1763158131909,
        "file": "B-eleven_teacher-AFFIG-6e2f12d4-1b28-46de-ba86-aef4692f8895.mp3"
      },
      {
        "id": "23a298ee-eb4d-4799-9eaf-fd930dc65f83",
        "letter": "C",
        "difficulty": "LEICHT",
        "created": 1763158132966,
        "file": "C-eleven_teacher-LEICHT-23a298ee-eb4d-4799-9eaf-fd930dc65f83.mp3"
      },
      {
        "id": "15c3f37a-1069-4eaa-b9aa-ce305d8aa197",
        "letter": "C",
        "difficulty": "MITTEL",
        "created": 1763158135153,
        "file": "C-eleven_teacher-MITTEL-15c3f37a-1069-4eaa-b9aa-ce305d8aa197.mp3"
      },
      {
        "id": "7ea8ccee-ec25-4358-ac62-b53c818f9339",
        "letter": "C",
        "difficulty": "SCHWER",
        "created": 1763158136394,
        "file": "C-eleven_teacher-SCHWER-7ea8ccee-ec25-4358-ac62-b53c818f9339.mp3"
      },
      {
        "id": "754ae7de-4e67-49ee-9e10-13d6d0576085",
        "letter": "C",
        "difficulty": "AFFIG",
        "created": 1763158139673,
        "file": "C-eleven_teacher-AFFIG-754ae7de-4e67-49ee-9e10-13d6d0576085.mp3"
      },
      {
        "id": "2ffa49e5-d187-4699-991f-4f0a18a1c0eb",
        "letter": "D",
        "difficulty": "LEICHT",
        "created": 1763158140721,
        "file": "D-eleven_teacher-LEICHT-2ffa49e5-d187-4699-991f-4f0a18a1c0eb.mp3"
      },
      {
        "id": "5d1dd0ce-4547-45c8-a702-0ad42e0960b2",
        "letter": "D",
        "difficulty": "MITTEL",
        "created": 1763158142202,
        "file": "D-eleven_teacher-MITTEL-5d1dd0ce-4547-45c8-a702-0ad42e0960b2.mp3"
      },
      {
        "id": "dff75f8a-ff97-4516-b227-78869d03782d",
        "letter": "D",
        "difficulty": "SCHWER",
        "created": 1763158144098,
        "file": "D-eleven_teacher-SCHWER-dff75f8a-ff97-4516-b227-78869d03782d.mp3"
      },
      {
        "id": "aa52ea86-b98f-452a-b680-a1b7253f184a",
        "letter": "D",
        "difficulty": "AFFIG",
        "created": 1763158147218,
        "file": "D-eleven_teacher-AFFIG-aa52ea86-b98f-452a-b680-a1b7253f184a.mp3"
      },
      {
        "id": "a316e72c-7efa-4920-9236-b2eef2d40946",
        "letter": "E",
        "difficulty": "LEICHT",
        "created": 1763158148196,
        "file": "E-eleven_teacher-LEICHT-a316e72c-7efa-4920-9236-b2eef2d40946.mp3"
      },
      {
        "id": "4bfebce2-8eee-4f5f-ac01-23b4a42d84b6",
        "letter": "E",
        "difficulty": "MITTEL",
        "created": 1763158149996,
        "file": "E-eleven_teacher-MITTEL-4bfebce2-8eee-4f5f-ac01-23b4a42d84b6.mp3"
      },
      {
        "id": "96f1784b-97a7-469e-9d6b-2f5a81e86695",
        "letter": "E",
        "difficulty": "SCHWER",
        "created": 1763158151537,
        "file": "E-eleven_teacher-SCHWER-96f1784b-97a7-469e-9d6b-2f5a81e86695.mp3"
      },
      {
        "id": "5df165a0-f378-4d6e-adaf-4a740711f164",
        "letter": "E",
        "difficulty": "AFFIG",
        "created": 1763158154372,
        "file": "E-eleven_teacher-AFFIG-5df165a0-f378-4d6e-adaf-4a740711f164.mp3"
      },
      {
        "id": "976db7bc-daa5-4fa2-93c2-df610982de50",
        "letter": "F",
        "difficulty": "LEICHT",
        "created": 1763158155459,
        "file": "F-eleven_teacher-LEICHT-976db7bc-daa5-4fa2-93c2-df610982de50.mp3"
      },
      {
        "id": "a14d6705-8110-4fcf-af6c-69c92017cad8",
        "letter": "F",
        "difficulty": "MITTEL",
        "created": 1763158157660,
        "file": "F-eleven_teacher-MITTEL-a14d6705-8110-4fcf-af6c-69c92017cad8.mp3"
      },
      {
        "id": "3e393ba0-7b56-4594-a1de-1652bfa71a34",
        "letter": "F",
        "difficulty": "SCHWER",
        "created": 1763158158807,
        "file": "F-eleven_teacher-SCHWER-3e393ba0-7b56-4594-a1de-1652bfa71a34.mp3"
      },
      {
        "id": "c0df10e2-2e51-4141-a051-951a5fae86c8",
        "letter": "F",
        "difficulty": "AFFIG",
        "created": 1763158162203,
        "file": "F-eleven_teacher-AFFIG-c0df10e2-2e51-4141-a051-951a5fae86c8.mp3"
      },
      {
        "id": "ef9a7800-c29d-42ee-9d28-13bb761abebf",
        "letter": "G",
        "difficulty": "LEICHT",
        "created": 1763158164013,
        "file": "G-eleven_teacher-LEICHT-ef9a7800-c29d-42ee-9d28-13bb761abebf.mp3"
      },
      {
        "id": "53afd35c-f1aa-4b53-81e9-78c639703707",
        "letter": "G",
        "difficulty": "MITTEL",
        "created": 1763158165086,
        "file": "G-eleven_teacher-MITTEL-53afd35c-f1aa-4b53-81e9-78c639703707.mp3"
      },
      {
        "id": "10a681cd-da5b-464a-b4c7-747e124d7f04",
        "letter": "G",
        "difficulty": "SCHWER",
        "created": 1763158167213,
        "file": "G-eleven_teacher-SCHWER-10a681cd-da5b-464a-b4c7-747e124d7f04.mp3"
      },
      {
        "id": "afe5be91-375b-4d37-801a-a2326e03baf7",
        "letter": "G",
        "difficulty": "AFFIG",
        "created": 1763158169996,
        "file": "G-eleven_teacher-AFFIG-afe5be91-375b-4d37-801a-a2326e03baf7.mp3"
      },
      {
        "id": "cbc9f68a-e89b-49f3-ae49-f55f636edb9e",
        "letter": "H",
        "difficulty": "LEICHT",
        "created": 1763158171048,
        "file": "H-eleven_teacher-LEICHT-cbc9f68a-e89b-49f3-ae49-f55f636edb9e.mp3"
      },
      {
        "id": "3af795c6-9987-4916-a172-541f091eaaa1",
        "letter": "H",
        "difficulty": "MITTEL",
        "created": 1763158173564,
        "file": "H-eleven_teacher-MITTEL-3af795c6-9987-4916-a172-541f091eaaa1.mp3"
      },
      {
        "id": "a83c7cfe-a2d5-4e7c-b3bd-7fc0f748af48",
        "letter": "H",
        "difficulty": "SCHWER",
        "created": 1763158174738,
        "file": "H-eleven_teacher-SCHWER-a83c7cfe-a2d5-4e7c-b3bd-7fc0f748af48.mp3"
      },
      {
        "id": "ed114ae5-d04e-48e9-83b7-a9f719e19c60",
        "letter": "H",
        "difficulty": "AFFIG",
        "created": 1763158177602,
        "file": "H-eleven_teacher-AFFIG-ed114ae5-d04e-48e9-83b7-a9f719e19c60.mp3"
      },
      {
        "id": "a66ffbf7-dd09-4413-a180-455a34bb9148",
        "letter": "I",
        "difficulty": "LEICHT",
        "created": 1763158178794,
        "file": "I-eleven_teacher-LEICHT-a66ffbf7-dd09-4413-a180-455a34bb9148.mp3"
      },
      {
        "id": "5f96826d-e4e3-4337-a8b4-0e0d821fd759",
        "letter": "I",
        "difficulty": "MITTEL",
        "created": 1763158180829,
        "file": "I-eleven_teacher-MITTEL-5f96826d-e4e3-4337-a8b4-0e0d821fd759.mp3"
      },
      {
        "id": "4ce641dd-3c31-40ee-bd2d-6a98a5b51c41",
        "letter": "I",
        "difficulty": "SCHWER",
        "created": 1763158181981,
        "file": "I-eleven_teacher-SCHWER-4ce641dd-3c31-40ee-bd2d-6a98a5b51c41.mp3"
      },
      {
        "id": "bdfec0bc-e595-4df9-b8a9-e696c941cf8e",
        "letter": "I",
        "difficulty": "AFFIG",
        "created": 1763158185244,
        "file": "I-eleven_teacher-AFFIG-bdfec0bc-e595-4df9-b8a9-e696c941cf8e.mp3"
      },
      {
        "id": "d99463f8-4df9-47a8-b7bd-d8810061bc4f",
        "letter": "J",
        "difficulty": "LEICHT",
        "created": 1763158186300,
        "file": "J-eleven_teacher-LEICHT-d99463f8-4df9-47a8-b7bd-d8810061bc4f.mp3"
      },
      {
        "id": "79cd64ca-116c-4c1c-b989-4cf9f5a0bcf9",
        "letter": "J",
        "difficulty": "MITTEL",
        "created": 1763158187886,
        "file": "J-eleven_teacher-MITTEL-79cd64ca-116c-4c1c-b989-4cf9f5a0bcf9.mp3"
      },
      {
        "id": "454b3674-19b7-4405-95eb-b1cb684c2f63",
        "letter": "J",
        "difficulty": "SCHWER",
        "created": 1763158189722,
        "file": "J-eleven_teacher-SCHWER-454b3674-19b7-4405-95eb-b1cb684c2f63.mp3"
      },
      {
        "id": "93362e2c-5a58-42c4-90cf-5e39c811d4b3",
        "letter": "J",
        "difficulty": "AFFIG",
        "created": 1763158192369,
        "file": "J-eleven_teacher-AFFIG-93362e2c-5a58-42c4-90cf-5e39c811d4b3.mp3"
      },
      {
        "id": "9f2c1510-d526-4df7-9336-be6a7b47d6ec",
        "letter": "K",
        "difficulty": "LEICHT",
        "created": 1763158193618,
        "file": "K-eleven_teacher-LEICHT-9f2c1510-d526-4df7-9336-be6a7b47d6ec.mp3"
      },
      {
        "id": "ee8455a9-ff1a-4037-bf5f-0c13e72cbf09",
        "letter": "K",
        "difficulty": "MITTEL",
        "created": 1763158195467,
        "file": "K-eleven_teacher-MITTEL-ee8455a9-ff1a-4037-bf5f-0c13e72cbf09.mp3"
      },
      {
        "id": "877a1517-197a-4fb9-a981-647c438b6d15",
        "letter": "K",
        "difficulty": "SCHWER",
        "created": 1763158197190,
        "file": "K-eleven_teacher-SCHWER-877a1517-197a-4fb9-a981-647c438b6d15.mp3"
      },
      {
        "id": "e8c8ced5-7ada-4e52-b0ad-7a4e441e96f9",
        "letter": "K",
        "difficulty": "AFFIG",
        "created": 1763158199632,
        "file": "K-eleven_teacher-AFFIG-e8c8ced5-7ada-4e52-b0ad-7a4e441e96f9.mp3"
      },
      {
        "id": "bcf7ee28-ca85-455a-b325-c4e8d723e0ff",
        "letter": "L",
        "difficulty": "LEICHT",
        "created": 1763158200876,
        "file": "L-eleven_teacher-LEICHT-bcf7ee28-ca85-455a-b325-c4e8d723e0ff.mp3"
      },
      {
        "id": "eaf3f7a3-f6a6-4b84-bead-6fc0dccb8ebd",
        "letter": "L",
        "difficulty": "MITTEL",
        "created": 1763158202702,
        "file": "L-eleven_teacher-MITTEL-eaf3f7a3-f6a6-4b84-bead-6fc0dccb8ebd.mp3"
      },
      {
        "id": "ea4365eb-29d4-41e9-9591-31d88676ff6a",
        "letter": "L",
        "difficulty": "SCHWER",
        "created": 1763158204192,
        "file": "L-eleven_teacher-SCHWER-ea4365eb-29d4-41e9-9591-31d88676ff6a.mp3"
      },
      {
        "id": "f81f43b2-f5dc-43a7-b897-df474c3c5fdf",
        "letter": "L",
        "difficulty": "AFFIG",
        "created": 1763158207378,
        "file": "L-eleven_teacher-AFFIG-f81f43b2-f5dc-43a7-b897-df474c3c5fdf.mp3"
      },
      {
        "id": "dd738b04-fb01-4750-89c1-22c1c4da8e32",
        "letter": "M",
        "difficulty": "LEICHT",
        "created": 1763158208441,
        "file": "M-eleven_teacher-LEICHT-dd738b04-fb01-4750-89c1-22c1c4da8e32.mp3"
      },
      {
        "id": "62f09b5b-6f13-4e31-b55b-2be3707cadd8",
        "letter": "M",
        "difficulty": "MITTEL",
        "created": 1763158210195,
        "file": "M-eleven_teacher-MITTEL-62f09b5b-6f13-4e31-b55b-2be3707cadd8.mp3"
      },
      {
        "id": "802b7065-ad91-4b34-a112-61d99116e2d1",
        "letter": "M",
        "difficulty": "SCHWER",
        "created": 1763158211915,
        "file": "M-eleven_teacher-SCHWER-802b7065-ad91-4b34-a112-61d99116e2d1.mp3"
      },
      {
        "id": "9e86f647-02c9-4c23-a8bb-d139415db565",
        "letter": "M",
        "difficulty": "AFFIG",
        "created": 1763158214855,
        "file": "M-eleven_teacher-AFFIG-9e86f647-02c9-4c23-a8bb-d139415db565.mp3"
      },
      {
        "id": "4471303b-4ab7-4ee9-b450-41a418a45143",
        "letter": "N",
        "difficulty": "LEICHT",
        "created": 1763158625242,
        "file": "N-eleven_teacher-LEICHT-4471303b-4ab7-4ee9-b450-41a418a45143.mp3"
      },
      {
        "id": "d19bcd2e-79c0-49b8-8733-a1141f3cb810",
        "letter": "N",
        "difficulty": "MITTEL",
        "created": 1763158626343,
        "file": "N-eleven_teacher-MITTEL-d19bcd2e-79c0-49b8-8733-a1141f3cb810.mp3"
      },
      {
        "id": "0c1cb556-9e5c-43e8-85e2-e44b82fe1aa6",
        "letter": "N",
        "difficulty": "SCHWER",
        "created": 1763158628792,
        "file": "N-eleven_teacher-SCHWER-0c1cb556-9e5c-43e8-85e2-e44b82fe1aa6.mp3"
      },
      {
        "id": "e630fb9b-1ad0-4dd7-bbe5-2398f3b2f3ae",
        "letter": "N",
        "difficulty": "AFFIG",
        "created": 1763158630745,
        "file": "N-eleven_teacher-AFFIG-e630fb9b-1ad0-4dd7-bbe5-2398f3b2f3ae.mp3"
      },
      {
        "id": "94d00a7d-511e-4f36-a749-a7d758ebc12e",
        "letter": "O",
        "difficulty": "LEICHT",
        "created": 1763158632534,
        "file": "O-eleven_teacher-LEICHT-94d00a7d-511e-4f36-a749-a7d758ebc12e.mp3"
      },
      {
        "id": "f86d2229-ae33-4469-bbd0-71fc5b08c580",
        "letter": "O",
        "difficulty": "MITTEL",
        "created": 1763158634068,
        "file": "O-eleven_teacher-MITTEL-f86d2229-ae33-4469-bbd0-71fc5b08c580.mp3"
      },
      {
        "id": "5a79fbf5-77d0-45ef-ac78-6d5f1bbda13d",
        "letter": "O",
        "difficulty": "SCHWER",
        "created": 1763158635811,
        "file": "O-eleven_teacher-SCHWER-5a79fbf5-77d0-45ef-ac78-6d5f1bbda13d.mp3"
      },
      {
        "id": "f1977f98-44a0-48b0-9385-8b7c7739508d",
        "letter": "O",
        "difficulty": "AFFIG",
        "created": 1763158638873,
        "file": "O-eleven_teacher-AFFIG-f1977f98-44a0-48b0-9385-8b7c7739508d.mp3"
      },
      {
        "id": "3a23260a-ea72-4a4f-a2d6-3361f3cea9e8",
        "letter": "P",
        "difficulty": "LEICHT",
        "created": 1763158639935,
        "file": "P-eleven_teacher-LEICHT-3a23260a-ea72-4a4f-a2d6-3361f3cea9e8.mp3"
      },
      {
        "id": "92fbe700-c4e8-4e74-8c7d-2a00306266ac",
        "letter": "P",
        "difficulty": "MITTEL",
        "created": 1763158642021,
        "file": "P-eleven_teacher-MITTEL-92fbe700-c4e8-4e74-8c7d-2a00306266ac.mp3"
      },
      {
        "id": "564e8c66-d28c-4109-a788-c5efcc71c4f5",
        "letter": "P",
        "difficulty": "SCHWER",
        "created": 1763158643720,
        "file": "P-eleven_teacher-SCHWER-564e8c66-d28c-4109-a788-c5efcc71c4f5.mp3"
      },
      {
        "id": "49a291e3-83fb-49c5-aacd-f9e382352811",
        "letter": "P",
        "difficulty": "AFFIG",
        "created": 1763158646760,
        "file": "P-eleven_teacher-AFFIG-49a291e3-83fb-49c5-aacd-f9e382352811.mp3"
      },
      {
        "id": "26081517-6164-4a43-86d0-61423664128a",
        "letter": "Q",
        "difficulty": "LEICHT",
        "created": 1763158647836,
        "file": "Q-eleven_teacher-LEICHT-26081517-6164-4a43-86d0-61423664128a.mp3"
      },
      {
        "id": "dabed518-a47a-4565-ad17-7e507d9fd2b2",
        "letter": "Q",
        "difficulty": "MITTEL",
        "created": 1763158649993,
        "file": "Q-eleven_teacher-MITTEL-dabed518-a47a-4565-ad17-7e507d9fd2b2.mp3"
      },
      {
        "id": "e48a3ad6-f199-4ff7-a163-02852870111a",
        "letter": "Q",
        "difficulty": "SCHWER",
        "created": 1763158652172,
        "file": "Q-eleven_teacher-SCHWER-e48a3ad6-f199-4ff7-a163-02852870111a.mp3"
      },
      {
        "id": "6f2a742d-a76c-4ac6-836e-de3c3265ee63",
        "letter": "Q",
        "difficulty": "AFFIG",
        "created": 1763158654435,
        "file": "Q-eleven_teacher-AFFIG-6f2a742d-a76c-4ac6-836e-de3c3265ee63.mp3"
      },
      {
        "id": "ae0845f3-831a-4e7f-a192-76665777699f",
        "letter": "R",
        "difficulty": "LEICHT",
        "created": 1763158656145,
        "file": "R-eleven_teacher-LEICHT-ae0845f3-831a-4e7f-a192-76665777699f.mp3"
      },
      {
        "id": "f20d864f-b37f-4f21-a42e-69d03b9b62ce",
        "letter": "R",
        "difficulty": "MITTEL",
        "created": 1763158657693,
        "file": "R-eleven_teacher-MITTEL-f20d864f-b37f-4f21-a42e-69d03b9b62ce.mp3"
      },
      {
        "id": "22723c44-372d-4955-85ce-9e54e443d3d4",
        "letter": "R",
        "difficulty": "SCHWER",
        "created": 1763158659486,
        "file": "R-eleven_teacher-SCHWER-22723c44-372d-4955-85ce-9e54e443d3d4.mp3"
      },
      {
        "id": "931f9c0b-20b2-499d-b0bd-ef04b6255252",
        "letter": "R",
        "difficulty": "AFFIG",
        "created": 1763158662348,
        "file": "R-eleven_teacher-AFFIG-931f9c0b-20b2-499d-b0bd-ef04b6255252.mp3"
      },
      {
        "id": "1eaef241-5868-43fc-a483-10d06cc316d0",
        "letter": "S",
        "difficulty": "LEICHT",
        "created": 1763158663432,
        "file": "S-eleven_teacher-LEICHT-1eaef241-5868-43fc-a483-10d06cc316d0.mp3"
      },
      {
        "id": "59fb8541-cfae-4044-bcba-4292c165399c",
        "letter": "S",
        "difficulty": "MITTEL",
        "created": 1763158665599,
        "file": "S-eleven_teacher-MITTEL-59fb8541-cfae-4044-bcba-4292c165399c.mp3"
      },
      {
        "id": "2e3648f9-86ed-4c2d-ae10-7f6b230a73bd",
        "letter": "S",
        "difficulty": "SCHWER",
        "created": 1763158666922,
        "file": "S-eleven_teacher-SCHWER-2e3648f9-86ed-4c2d-ae10-7f6b230a73bd.mp3"
      },
      {
        "id": "15cda0fc-e7e4-472d-b255-03fb59791eff",
        "letter": "S",
        "difficulty": "AFFIG",
        "created": 1763158670217,
        "file": "S-eleven_teacher-AFFIG-15cda0fc-e7e4-472d-b255-03fb59791eff.mp3"
      },
      {
        "id": "e2537d5d-9392-438b-8b30-503e0b039f5d",
        "letter": "T",
        "difficulty": "LEICHT",
        "created": 1763158671264,
        "file": "T-eleven_teacher-LEICHT-e2537d5d-9392-438b-8b30-503e0b039f5d.mp3"
      },
      {
        "id": "846f9a40-914c-4d58-8424-de201877c73c",
        "letter": "T",
        "difficulty": "MITTEL",
        "created": 1763158672902,
        "file": "T-eleven_teacher-MITTEL-846f9a40-914c-4d58-8424-de201877c73c.mp3"
      },
      {
        "id": "269f8f3d-0255-4153-ba83-03916c020204",
        "letter": "T",
        "difficulty": "SCHWER",
        "created": 1763158674809,
        "file": "T-eleven_teacher-SCHWER-269f8f3d-0255-4153-ba83-03916c020204.mp3"
      },
      {
        "id": "24b9adaf-e265-4bf2-b8ab-d66bb78bb3bd",
        "letter": "T",
        "difficulty": "AFFIG",
        "created": 1763158677227,
        "file": "T-eleven_teacher-AFFIG-24b9adaf-e265-4bf2-b8ab-d66bb78bb3bd.mp3"
      },
      {
        "id": "f1a681fb-dce7-4164-9415-c095b1278723",
        "letter": "U",
        "difficulty": "LEICHT",
        "created": 1763158678798,
        "file": "U-eleven_teacher-LEICHT-f1a681fb-dce7-4164-9415-c095b1278723.mp3"
      },
      {
        "id": "7039ed8a-6178-4b06-9ac9-ad5a9fd297d6",
        "letter": "U",
        "difficulty": "MITTEL",
        "created": 1763158680428,
        "file": "U-eleven_teacher-MITTEL-7039ed8a-6178-4b06-9ac9-ad5a9fd297d6.mp3"
      },
      {
        "id": "53ef6cc1-83b3-431a-85c2-90eb2a604f27",
        "letter": "U",
        "difficulty": "SCHWER",
        "created": 1763158682170,
        "file": "U-eleven_teacher-SCHWER-53ef6cc1-83b3-431a-85c2-90eb2a604f27.mp3"
      },
      {
        "id": "fc5f25ed-8342-4721-a2d5-dd323b36bde6",
        "letter": "U",
        "difficulty": "AFFIG",
        "created": 1763158685187,
        "file": "U-eleven_teacher-AFFIG-fc5f25ed-8342-4721-a2d5-dd323b36bde6.mp3"
      },
      {
        "id": "a8e2793c-16a6-402d-9eac-4f676d63b1ca",
        "letter": "V",
        "difficulty": "LEICHT",
        "created": 1763158686311,
        "file": "V-eleven_teacher-LEICHT-a8e2793c-16a6-402d-9eac-4f676d63b1ca.mp3"
      },
      {
        "id": "185b38ef-645c-4b37-b185-e46384b45112",
        "letter": "V",
        "difficulty": "MITTEL",
        "created": 1763158688376,
        "file": "V-eleven_teacher-MITTEL-185b38ef-645c-4b37-b185-e46384b45112.mp3"
      },
      {
        "id": "2a1466c4-e39c-48a0-9f04-3dd74ca00bef",
        "letter": "V",
        "difficulty": "SCHWER",
        "created": 1763158689887,
        "file": "V-eleven_teacher-SCHWER-2a1466c4-e39c-48a0-9f04-3dd74ca00bef.mp3"
      },
      {
        "id": "d18c2060-add5-49ef-b5fb-906ba6499a09",
        "letter": "V",
        "difficulty": "AFFIG",
        "created": 1763158693396,
        "file": "V-eleven_teacher-AFFIG-d18c2060-add5-49ef-b5fb-906ba6499a09.mp3"
      },
      {
        "id": "f443c506-29c6-4bfc-b1a3-e588f41e1490",
        "letter": "W",
        "difficulty": "LEICHT",
        "created": 1763158694465,
        "file": "W-eleven_teacher-LEICHT-f443c506-29c6-4bfc-b1a3-e588f41e1490.mp3"
      },
      {
        "id": "d60d36b1-fd2a-47d1-afe8-8e4f35cb2109",
        "letter": "W",
        "difficulty": "MITTEL",
        "created": 1763158695878,
        "file": "W-eleven_teacher-MITTEL-d60d36b1-fd2a-47d1-afe8-8e4f35cb2109.mp3"
      },
      {
        "id": "22465672-fb9f-4928-92c5-7b40b1a9e10a",
        "letter": "W",
        "difficulty": "SCHWER",
        "created": 1763158698018,
        "file": "W-eleven_teacher-SCHWER-22465672-fb9f-4928-92c5-7b40b1a9e10a.mp3"
      },
      {
        "id": "07383471-5ea8-46a3-a826-f83d73709792",
        "letter": "W",
        "difficulty": "AFFIG",
        "created": 1763158700171,
        "file": "W-eleven_teacher-AFFIG-07383471-5ea8-46a3-a826-f83d73709792.mp3"
      },
      {
        "id": "1bcd8ca4-0138-446e-a619-b5667bdf8455",
        "letter": "X",
        "difficulty": "LEICHT",
        "created": 1763158701910,
        "file": "X-eleven_teacher-LEICHT-1bcd8ca4-0138-446e-a619-b5667bdf8455.mp3"
      },
      {
        "id": "888fa886-08f5-427c-9be6-95fa52887b9e",
        "letter": "X",
        "difficulty": "MITTEL",
        "created": 1763158703397,
        "file": "X-eleven_teacher-MITTEL-888fa886-08f5-427c-9be6-95fa52887b9e.mp3"
      },
      {
        "id": "1f21e88d-b896-479b-80bb-d35eae68d0a4",
        "letter": "X",
        "difficulty": "SCHWER",
        "created": 1763158705292,
        "file": "X-eleven_teacher-SCHWER-1f21e88d-b896-479b-80bb-d35eae68d0a4.mp3"
      },
      {
        "id": "d81bfc63-87ce-4f25-805e-9aa487b6d712",
        "letter": "X",
        "difficulty": "AFFIG",
        "created": 1763158708202,
        "file": "X-eleven_teacher-AFFIG-d81bfc63-87ce-4f25-805e-9aa487b6d712.mp3"
      },
      {
        "id": "8161f0c9-44ba-4c86-8180-868c7e0073b6",
        "letter": "Y",
        "difficulty": "LEICHT",
        "created": 1763158709251,
        "file": "Y-eleven_teacher-LEICHT-8161f0c9-44ba-4c86-8180-868c7e0073b6.mp3"
      },
      {
        "id": "deaf6c7c-db51-470e-8dca-846db025e5b8",
        "letter": "Y",
        "difficulty": "MITTEL",
        "created": 1763158711270,
        "file": "Y-eleven_teacher-MITTEL-deaf6c7c-db51-470e-8dca-846db025e5b8.mp3"
      },
      {
        "id": "44cecc87-fcc4-43f0-bff6-4a532ed7aa4d",
        "letter": "Y",
        "difficulty": "SCHWER",
        "created": 1763158712829,
        "file": "Y-eleven_teacher-SCHWER-44cecc87-fcc4-43f0-bff6-4a532ed7aa4d.mp3"
      },
      {
        "id": "ffa2fd73-8efe-4574-9fc4-705c0bad9221",
        "letter": "Y",
        "difficulty": "AFFIG",
        "created": 1763158716043,
        "file": "Y-eleven_teacher-AFFIG-ffa2fd73-8efe-4574-9fc4-705c0bad9221.mp3"
      },
      {
        "id": "6cf7fc63-20e8-46e0-8155-db6c65875a3e",
        "letter": "Z",
        "difficulty": "LEICHT",
        "created": 1763158717108,
        "file": "Z-eleven_teacher-LEICHT-6cf7fc63-20e8-46e0-8155-db6c65875a3e.mp3"
      },
      {
        "id": "194092ae-4acd-44f3-b52f-d698881e9ec4",
        "letter": "Z",
        "difficulty": "MITTEL",
        "created": 1763158719145,
        "file": "Z-eleven_teacher-MITTEL-194092ae-4acd-44f3-b52f-d698881e9ec4.mp3"
      },
      {
        "id": "ce306762-5e38-4841-8c21-c6811f028a62",
        "letter": "Z",
        "difficulty": "SCHWER",
        "created": 1763158720986,
        "file": "Z-eleven_teacher-SCHWER-ce306762-5e38-4841-8c21-c6811f028a62.mp3"
      },
      {
        "id": "7ade8bcc-5c2f-484d-ba1c-83da8143d167",
        "letter": "Z",
        "difficulty": "AFFIG",
        "created": 1763158723928,
        "file": "Z-eleven_teacher-AFFIG-7ade8bcc-5c2f-484d-ba1c-83da8143d167.mp3"
      }
    ]
  }
]