[
  {
    "id": "ec4ac80e-f1e4-4fee-96c9-1caf6210d022",
    "name": "ABC Abenteuer Stimmen",
    "emoji": "🔤",
    "created": 1763158111699,
    "clips": [
      {
        "id": "0978b01c-e1f9-42d5-84c2-af6622feecdc",
        "letter": "A",
        "difficulty": "LEICHT",
        "created": 1763158115714,
        "file": "A-eleven_storytime-LEICHT-0978b01c-e1f9-42d5-84c2-af6622feecdc.mp3"
      },
      {
        "id": "0a6d5b14-b8eb-4d63-9fb6-9bd0d2c8d84b",
        "letter": "A",
        "difficulty": "LEICHT",
        "created": 1763158116953,
        "file": "A-eleven_playful-LEICHT-0a6d5b14-b8eb-4d63-9fb6-9bd0d2c8d84b.mp3"
      },
      {
        "id": "6fc205af-5ef3-4379-bd12-0f3a66966a05",
        "letter": "A",
        "difficulty": "MITTEL",
        "created": 1763158117930,
        "file": "A-eleven_playful-MITTEL-6fc205af-5ef3-4379-bd12-0f3a66966a05.mp3"
      },
      {
        "id": "042e8876-41ab-4248-8c30-a84159929567",
        "letter": "A",
        "difficulty": "LEICHT",
        "created": 1763158118646,
        "file": "A-eleven_teacher-LEICHT-042e8876-41ab-4248-8c30-a84159929567.mp3"
      },
      {
        "id": "581d69a0-1e9e-4242-b3df-e998a1a8fa6c",
        "letter": "A",
        "difficulty": "MITTEL",
        "created": 1763158118919,
        "file": "A-eleven_storytime-MITTEL-581d69a0-1e9e-4242-b3df-e998a1a8fa6c.mp3"
      },
      {
        "id": "870b7668-40f1-48a6-a889-960d6cbf25bb",
        "letter": "A",
        "difficulty": "MITTEL",
        "created": 1763158119806,
        "file": "A-eleven_teacher-MITTEL-870b7668-40f1-48a6-a889-960d6cbf25bb.mp3"
      },
      {
        "id": "a8b27254-2286-466d-bf32-177298faf36a",
        "letter": "A",
        "difficulty": "SCHWER",
        "created": 1763158120103,
        "file": "A-eleven_playful-SCHWER-a8b27254-2286-466d-bf32-177298faf36a.mp3"
      },
      {
        "id": "92f6eb99-26b1-4b38-8fee-8c9ef07f91bb",
        "letter": "A",
        "difficulty": "SCHWER",
        "created": 1763158120923,
        "file": "A-eleven_storytime-SCHWER-92f6eb99-26b1-4b38-8fee-8c9ef07f91bb.mp3"
      },
      {
        "id": "23eccd80-278b-4233-899a-ec4e5ec610ff",
        "letter": "A",
        "difficulty": "SCHWER",
        "created": 1763158121251,
        "file": "A-eleven_teacher-SCHWER-23eccd80-278b-4233-899a-ec4e5ec610ff.mp3"
      },
      {
        "id": "aad88566-45d6-4272-a949-f890e75e36a7",
        "letter": "A",
        "difficulty": "AFFIG",
        "created": 1763158122698,
        "file": "A-eleven_playful-AFFIG-aad88566-45d6-4272-a949-f890e75e36a7.mp3"
      },
      {
        "id": "d8667790-a582-4d3c-a296-a600b6e2a138",
        "letter": "A",
        "difficulty": "AFFIG",
        "created": 1763158122967,
        "file": "A-eleven_storytime-AFFIG-d8667790-a582-4d3c-a296-a600b6e2a138.mp3"
      },
      {
        "id": "93c79901-7a62-4ef2-97dd-6b325f5c6110",
        "letter": "B",
        "difficulty": "LEICHT",
        "created": 1763158124132,
        "file": "B-eleven_playful-LEICHT-93c79901-7a62-4ef2-97dd-6b325f5c6110.mp3"
      },
      {
        "id": "bb2c8d08-7c7c-40bb-a1f8-c1cac3652304",
        "letter": "A",
        "difficulty": "AFFIG",
        "created": 1763158124263,
        "file": "A-eleven_teacher-AFFIG-bb2c8d08-7c7c-40bb-a1f8-c1cac3652304.mp3"
      },
      {
        "id": "ef2583c3-7f55-4a09-ad2d-f96b51e2f2f9",
        "letter": "B",
        "difficulty": "LEICHT",
        "created": 1763158125326,
        "file": "B-eleven_teacher-LEICHT-ef2583c3-7f55-4a09-ad2d-f96b51e2f2f9.mp3"
      },
      {
        "id": "6ce648b7-e2a0-4f86-b980-e9abf35689c2",
        "letter": "B",
        "difficulty": "LEICHT",
        "created": 1763158125337,
        "file": "B-eleven_storytime-LEICHT-6ce648b7-e2a0-4f86-b980-e9abf35689c2.mp3"
      },
      {
        "id": "9c6f0bc8-93fb-4e2b-ae13-62c7362c5bda",
        "letter": "B",
        "difficulty": "MITTEL",
        "created": 1763158126310,
        "file": "B-eleven_playful-MITTEL-9c6f0bc8-93fb-4e2b-ae13-62c7362c5bda.mp3"
      },
      {
        "id": "3001867c-1a32-49de-b586-a9842bd93030",
        "letter": "B",
        "difficulty": "MITTEL",
        "created": 1763158126381,
        "file": "B-eleven_storytime-MITTEL-3001867c-1a32-49de-b586-a9842bd93030.mp3"
      },
      {
        "id": "0794a88f-4609-4825-ad43-535fdefb4f96",
        "letter": "B",
        "difficulty": "MITTEL",
        "created": 1763158127284,
        "file": "B-eleven_teacher-MITTEL-0794a88f-4609-4825-ad43-535fdefb4f96.mp3"
      },
      {
        "id": "6aa81097-7f58-4c80-a487-dfad7b7bceaf",
        "letter": "B",
        "difficulty": "SCHWER",
        "created": 1763158127742,
        "file": "B-eleven_playful-SCHWER-6aa81097-7f58-4c80-a487-dfad7b7bceaf.mp3"
      },
      {
        "id": "924f6faa-674b-4c66-8fa4-3162decb9b19",
        "letter": "B",
        "difficulty": "SCHWER",
        "created": 1763158128793,
        "file": "B-eleven_storytime-SCHWER-924f6faa-674b-4c66-8fa4-3162decb9b19.mp3"
      },
      {
        "id": "49a76fa0-cf82-4bed-8689-a37b93a95bb5",
        "letter": "B",
        "difficulty": "SCHWER",
        "created": 1763158129004,
        "file": "B-eleven_teacher-SCHWER-49a76fa0-cf82-4bed-8689-a37b93a95bb5.mp3"
      },
      {
        "id": "1527e6b3-b333-4973-b70a-8284777f525c",
        "letter": "B",
        "difficulty": "AFFIG",
        "created": 1763158130373,
        "file": "B-eleven_playful-AFFIG-1527e6b3-b333-4973-b70a-8284777f525c.mp3"
      },
      {
        "id": "0aad0cfb-a707-4bf0-8fc1-7ee91730395f",
        "letter": "B",
        "difficulty": "AFFIG",
        "created": 1763158130520,
        "file": "B-eleven_storytime-AFFIG-0aad0cfb-a707-4bf0-8fc1-7ee91730395f.mp3"
      },
      {
        "id": "76dc1f09-99dc-4919-84e4-f6a833d07e39",
        "letter": "C",
        "difficulty": "LEICHT",
        "created": 1763158131841,
        "file": "C-eleven_playful-LEICHT-76dc1f09-99dc-4919-84e4-f6a833d07e39.mp3"
      },
      {
        "id": "6e2f12d4-1b28-46de-ba86-aef4692f8895",
        "letter": "B",
        "difficulty": "AFFIG",
        "created": 1763158131909,
        "file": "B-eleven_teacher-AFFIG-6e2f12d4-1b28-46de-ba86-aef4692f8895.mp3"
      },
      {
        "id": "23a298ee-eb4d-4799-9eaf-fd930dc65f83",
        "letter": "C",
        "difficulty": "LEICHT",
        "created": 1763158132966,
        "file": "C-eleven_teacher-LEICHT-23a298ee-eb4d-4799-9eaf-fd930dc65f83.mp3"
      },
      {
        "id": "e2974d92-b8ac-4bb6-aafd-bc05c0207814",
        "letter": "C",
        "difficulty": "LEICHT",
        "created": 1763158132997,
        "file": "C-eleven_storytime-LEICHT-e2974d92-b8ac-4bb6-aafd-bc05c0207814.mp3"
      },
      {
        "id": "436eace3-d5ae-415e-b066-367d9c452940",
        "letter": "C",
        "difficulty": "MITTEL",
        "created": 1763158134031,
        "file": "C-eleven_playful-MITTEL-436eace3-d5ae-415e-b066-367d9c452940.mp3"
      },
      {
        "id": "565c9d0d-d69b-4e47-93ba-4fe513b64b28",
        "letter": "C",
        "difficulty": "MITTEL",
        "created": 1763158134108,
        "file": "C-eleven_storytime-MITTEL-565c9d0d-d69b-4e47-93ba-4fe513b64b28.mp3"
      },
      {
        "id": "15c3f37a-1069-4eaa-b9aa-ce305d8aa197",
        "letter": "C",
        "difficulty": "MITTEL",
        "created": 1763158135153,
        "file": "C-eleven_teacher-MITTEL-15c3f37a-1069-4eaa-b9aa-ce305d8aa197.mp3"
      },
      {
        "id": "14a503ec-9100-4d77-aa15-b78ae41d2f14",
        "letter": "C",
        "difficulty": "SCHWER",
        "created": 1763158135226,
        "file": "C-eleven_playful-SCHWER-14a503ec-9100-4d77-aa15-b78ae41d2f14.mp3"
      },
      {
        "id": "0dee751e-c3f0-4293-8c2c-a94750390c8a",
        "letter": "C",
        "difficulty": "SCHWER",
        "created": 1763158136258,
        "file": "C-eleven_storytime-SCHWER-0dee751e-c3f0-4293-8c2c-a94750390c8a.mp3"
      },
      {
        "id": "7ea8ccee-ec25-4358-ac62-b53c818f9339",
        "letter": "C",
        "difficulty": "SCHWER",
        "created": 1763158136394,
        "file": "C-eleven_teacher-SCHWER-7ea8ccee-ec25-4358-ac62-b53c818f9339.mp3"
      },
      {
        "id": "359ce810-6608-47aa-86aa-9122a012dad6",
        "letter": "C",
        "difficulty": "AFFIG",
        "created": 1763158138060,
        "file": "C-eleven_playful-AFFIG-359ce810-6608-47aa-86aa-9122a012dad6.mp3"
      },
      {
        "id": "e0178b73-c197-479d-846d-4a10e710d115",
        "letter": "C",
        "difficulty": "AFFIG",
        "created": 1763158138123,
        "file": "C-eleven_storytime-AFFIG-e0178b73-c197-479d-846d-4a10e710d115.mp3"
      },
      {
        "id": "4eacc219-afb0-4f00-aba3-12cdb6358632",
        "letter": "D",
        "difficulty": "LEICHT",
        "created": 1763158139148,
        "file": "D-eleven_playful-LEICHT-4eacc219-afb0-4f00-aba3-12cdb6358632.mp3"
      },
      {
        "id": "754ae7de-4e67-49ee-9e10-13d6d0576085",
        "letter": "C",
        "difficulty": "AFFIG",
        "created": 1763158139673,
        "file": "C-eleven_teacher-AFFIG-754ae7de-4e67-49ee-9e10-13d6d0576085.mp3"
      },
      {
        "id": "a3e423db-dd0c-46a8-9f19-1edbb4de6352",
        "letter": "D",
        "difficulty": "LEICHT",
        "created": 1763158140154,
        "file": "D-eleven_storytime-LEICHT-a3e423db-dd0c-46a8-9f19-1edbb4de6352.mp3"
      },
      {
        "id": "2ffa49e5-d187-4699-991f-4f0a18a1c0eb",
        "letter": "D",
        "difficulty": "LEICHT",
        "created": 1763158140721,
        "file": "D-eleven_teacher-LEICHT-2ffa49e5-d187-4699-991f-4f0a18a1c0eb.mp3"
      },
      {
        "id": "5d0207b1-f740-437e-a2cf-77a4f072375f",
        "letter": "D",
        "difficulty": "MITTEL",
        "created": 1763158141189,
        "file": "D-eleven_playful-MITTEL-5d0207b1-f740-437e-a2cf-77a4f072375f.mp3"
      },
      {
        "id": "0dc74710-40a3-43ee-8073-ad22887497a6",
        "letter": "D",
        "difficulty": "MITTEL",
        "created": 1763158141637,
        "file": "D-eleven_storytime-MITTEL-0dc74710-40a3-43ee-8073-ad22887497a6.mp3"
      },
      {
        "id": "5d1dd0ce-4547-45c8-a702-0ad42e0960b2",
        "letter": "D",
        "difficulty": "MITTEL",
        "created": 1763158142202,
        "file": "D-eleven_teacher-MITTEL-5d1dd0ce-4547-45c8-a702-0ad42e0960b2.mp3"
      },
      {
        "id": "21c32e19-a5c3-4d8e-83ff-797b1ae20c0d",
        "letter": "D",
        "difficulty": "SCHWER",
        "created": 1763158142919,
        "file": "D-eleven_playful-SCHWER-21c32e19-a5c3-4d8e-83ff-797b1ae20c0d.mp3"
      },
      {
        "id": "4d82b26f-5c11-427c-afca-7eeefa7bd04d",
        "letter": "D",
        "difficulty": "SCHWER",
        "created": 1763158143329,
        "file": "D-eleven_storytime-SCHWER-4d82b26f-5c11-427c-afca-7eeefa7bd04d.mp3"
      },
      {
        "id": "dff75f8a-ff97-4516-b227-78869d03782d",
        "letter": "D",
        "difficulty": "SCHWER",
        "created": 1763158144098,
        "file": "D-eleven_teacher-SCHWER-dff75f8a-ff97-4516-b227-78869d03782d.mp3"
      },
      {
        "id": "fa690460-75a4-482d-8b9e-f837e13a8566",
        "letter": "D",
        "difficulty": "AFFIG",
        "created": 1763158145564,
        "file": "D-eleven_playful-AFFIG-fa690460-75a4-482d-8b9e-f837e13a8566.mp3"
      },
      {
        "id": "24e03e59-18d4-481d-9266-5a4a7b911e24",
        "letter": "D",
        "difficulty": "AFFIG",
        "created": 1763158145776,
        "file": "D-eleven_storytime-AFFIG-24e03e59-18d4-481d-9266-5a4a7b911e24.mp3"
      },
      {
        "id": "bd0bc014-c51f-42e9-9f88-2e87cecc09fb",
        "letter": "E",
        "difficulty": "LEICHT",
        "created": 1763158146936,
        "file": "E-eleven_playful-LEICHT-bd0bc014-c51f-42e9-9f88-2e87cecc09fb.mp3"
      },
      {
        "id": "aa52ea86-b98f-452a-b680-a1b7253f184a",
        "letter": "D",
        "difficulty": "AFFIG",
        "created": 1763158147218,
        "file": "D-eleven_teacher-AFFIG-aa52ea86-b98f-452a-b680-a1b7253f184a.mp3"
      },
      {
        "id": "13c7cebd-55f9-45d7-9988-24392b60e781",
        "letter": "E",
        "difficulty": "LEICHT",
        "created": 1763158148011,
        "file": "E-eleven_storytime-LEICHT-13c7cebd-55f9-45d7-9988-24392b60e781.mp3"
      },
      {
        "id": "a316e72c-7efa-4920-9236-b2eef2d40946",
        "letter": "E",
        "difficulty": "LEICHT",
        "created": 1763158148196,
        "file": "E-eleven_teacher-LEICHT-a316e72c-7efa-4920-9236-b2eef2d40946.mp3"
      },
      {
        "id": "e1ce06ea-eb2e-43a3-8f5a-463b090372b2",
        "letter": "E",
        "difficulty": "MITTEL",
        "created": 1763158148928,
        "file": "E-eleven_playful-MITTEL-e1ce06ea-eb2e-43a3-8f5a-463b090372b2.mp3"
      },
      {
        "id": "306c4fd8-31ac-4c4e-9a38-49b50c30091d",
        "letter": "E",
        "difficulty": "MITTEL",
        "created": 1763158149164,
        "file": "E-eleven_storytime-MITTEL-306c4fd8-31ac-4c4e-9a38-49b50c30091d.mp3"
      },
      {
        "id": "4bfebce2-8eee-4f5f-ac01-23b4a42d84b6",
        "letter": "E",
        "difficulty": "MITTEL",
        "created": 1763158149996,
        "file": "E-eleven_teacher-MITTEL-4bfebce2-8eee-4f5f-ac01-23b4a42d84b6.mp3"
      },
      {
        "id": "a8dd9ce4-d3ff-4756-8f2f-362e683d5863",
        "letter": "E",
        "difficulty": "SCHWER",
        "created": 1763158150399,
        "file": "E-eleven_playful-SCHWER-a8dd9ce4-d3ff-4756-8f2f-362e683d5863.mp3"
      },
      {
        "id": "84b3ee53-8971-4a62-ac00-42aae96067c4",
        "letter": "E",
        "difficulty": "SCHWER",
        "created": 1763158151209,
        "file": "E-eleven_storytime-SCHWER-84b3ee53-8971-4a62-ac00-42aae96067c4.mp3"
      },
      {
        "id": "96f1784b-97a7-469e-9d6b-2f5a81e86695",
        "letter": "E",
        "difficulty": "SCHWER",
        "created": 1763158151537,
        "file": "E-eleven_teacher-SCHWER-96f1784b-97a7-469e-9d6b-2f5a81e86695.mp3"
      },
      {
        "id": "287b280d-7952-46be-b507-4e1fe7a6b091",
        "letter": "E",
        "difficulty": "AFFIG",
        "created": 1763158152847,
        "file": "E-eleven_playful-AFFIG-287b280d-7952-46be-b507-4e1fe7a6b091.mp3"
      },
      {
        "id": "95701f8b-b373-4c88-a6bb-678cf5cc89bd",
        "letter": "E",
        "difficulty": "AFFIG",
        "created": 1763158153033,
        "file": "E-eleven_storytime-AFFIG-95701f8b-b373-4c88-a6bb-678cf5cc89bd.mp3"
      },
      {
        "id": "28086f3b-e990-4ec4-aa3c-dec57f268d9f",
        "letter": "F",
        "difficulty": "LEICHT",
        "created": 1763158154121,
        "file": "F-eleven_playful-LEICHT-28086f3b-e990-4ec4-aa3c-dec57f268d9f.mp3"
      },
      {
        "id": "5df165a0-f378-4d6e-adaf-4a740711f164",
        "letter": "E",
        "difficulty": "AFFIG",
        "created": 1763158154372,
        "file": "E-eleven_teacher-AFFIG-5df165a0-f378-4d6e-adaf-4a740711f164.mp3"
      },
      {
        "id": "14ae12ab-1aa5-4bdd-bdc7-6e976cb9c8ac",
        "letter": "F",
        "difficulty": "LEICHT",
        "created": 1763158155300,
        "file": "F-eleven_storytime-LEICHT-14ae12ab-1aa5-4bdd-bdc7-6e976cb9c8ac.mp3"
      },
      {
        "id": "976db7bc-daa5-4fa2-93c2-df610982de50",
        "letter": "F",
        "difficulty": "LEICHT",
        "created": 1763158155459,
        "file": "F-eleven_teacher-LEICHT-976db7bc-daa5-4fa2-93c2-df610982de50.mp3"
      },
      {
        "id": "867f3b47-11b4-486f-8255-5c33276b6f51",
        "letter": "F",
        "difficulty": "MITTEL",
        "created": 1763158156476,
        "file": "F-eleven_storytime-MITTEL-867f3b47-11b4-486f-8255-5c33276b6f51.mp3"
      },
      {
        "id": "67cd9963-cddd-440c-9490-32a7b65b8146",
        "letter": "F",
        "difficulty": "MITTEL",
        "created": 1763158156487,
        "file": "F-eleven_playful-MITTEL-67cd9963-cddd-440c-9490-32a7b65b8146.mp3"
      },
      {
        "id": "a573efdf-d1d5-4818-8ab3-cd66cd861426",
        "letter": "F",
        "difficulty": "SCHWER",
        "created": 1763158157644,
        "file": "F-eleven_playful-SCHWER-a573efdf-d1d5-4818-8ab3-cd66cd861426.mp3"
      },
      {
        "id": "a14d6705-8110-4fcf-af6c-69c92017cad8",
        "letter": "F",
        "difficulty": "MITTEL",
        "created": 1763158157660,
        "file": "F-eleven_teacher-MITTEL-a14d6705-8110-4fcf-af6c-69c92017cad8.mp3"
      },
      {
        "id": "9d4ddf68-30da-414b-b70e-5599c01b67a0",
        "letter": "F",
        "difficulty": "SCHWER",
        "created": 1763158158698,
        "file": "F-eleven_storytime-SCHWER-9d4ddf68-30da-414b-b70e-5599c01b67a0.mp3"
      },
      {
        "id": "3e393ba0-7b56-4594-a1de-1652bfa71a34",
        "letter": "F",
        "difficulty": "SCHWER",
        "created": 1763158158807,
        "file": "F-eleven_teacher-SCHWER-3e393ba0-7b56-4594-a1de-1652bfa71a34.mp3"
      },
      {
        "id": "c2ec3172-1d2d-4927-85b7-aba9a9385731",
        "letter": "F",
        "difficulty": "AFFIG",
        "created": 1763158160546,
        "file": "F-eleven_storytime-AFFIG-c2ec3172-1d2d-4927-85b7-aba9a9385731.mp3"
      },
      {
        "id": "3beaaed9-4d88-472d-bc66-2964648186b8",
        "letter": "F",
        "difficulty": "AFFIG",
        "created": 1763158160675,
        "file": "F-eleven_playful-AFFIG-3beaaed9-4d88-472d-bc66-2964648186b8.mp3"
      },
      {
        "id": "e5e4ebb9-d582-4528-a3f8-b91133a3b0f7",
        "letter": "G",
        "difficulty": "LEICHT",
        "created": 1763158161661,
        "file": "G-eleven_playful-LEICHT-e5e4ebb9-d582-4528-a3f8-b91133a3b0f7.mp3"
      },
      {
        "id": "c0df10e2-2e51-4141-a051-951a5fae86c8",
        "letter": "F",
        "difficulty": "AFFIG",
        "created": 1763158162203,
        "file": "F-eleven_teacher-AFFIG-c0df10e2-2e51-4141-a051-951a5fae86c8.mp3"
      },
      {
        "id": "0859c57d-70c3-4c93-a1cd-58bf9ea0f145",
        "letter": "G",
        "difficulty": "LEICHT",
        "created": 1763158162714,
        "file": "G-eleven_storytime-LEICHT-0859c57d-70c3-4c93-a1cd-58bf9ea0f145.mp3"
      },
      {
        "id": "375d2a9d-3747-488b-9114-f4d2472678a6",
        "letter": "G",
        "difficulty": "MITTEL",
        "created": 1763158163756,
        "file": "G-eleven_playful-MITTEL-375d2a9d-3747-488b-9114-f4d2472678a6.mp3"
      },
      {
        "id": "ef9a7800-c29d-42ee-9d28-13bb761abebf",
        "letter": "G",
        "difficulty": "LEICHT",
        "created": 1763158164013,
        "file": "G-eleven_teacher-LEICHT-ef9a7800-c29d-42ee-9d28-13bb761abebf.mp3"
      },
      {
        "id": "8d465291-ed96-4914-904d-c5f697952ee8",
        "letter": "G",
        "difficulty": "MITTEL",
        "created": 1763158164837,
        "file": "G-eleven_storytime-MITTEL-8d465291-ed96-4914-904d-c5f697952ee8.mp3"
      },
      {
        "id": "53afd35c-f1aa-4b53-81e9-78c639703707",
        "letter": "G",
        "difficulty": "MITTEL",
        "created": 1763158165086,
        "file": "G-eleven_teacher-MITTEL-53afd35c-f1aa-4b53-81e9-78c639703707.mp3"
      },
      {
        "id": "91e13e74-15a9-4f87-9dba-10975c497d36",
        "letter": "G",
        "difficulty": "SCHWER",
        "created": 1763158166058,
        "file": "G-eleven_playful-SCHWER-91e13e74-15a9-4f87-9dba-10975c497d36.mp3"
      },
      {
        "id": "d66de86d-5433-432a-9834-78c8ef7801f3",
        "letter": "G",
        "difficulty": "SCHWER",
        "created": 1763158166348,
        "file": "G-eleven_storytime-SCHWER-d66de86d-5433-432a-9834-78c8ef7801f3.mp3"
      },
      {
        "id": "10a681cd-da5b-464a-b4c7-747e124d7f04",
        "letter": "G",
        "difficulty": "SCHWER",
        "created": 1763158167213,
        "file": "G-eleven_teacher-SCHWER-10a681cd-da5b-464a-b4c7-747e124d7f04.mp3"
      },
      {
        "id": "327eaa33-9dea-4188-ad6a-c204c79a6666",
        "letter": "G",
        "difficulty": "AFFIG",
        "created": 1763158168213,
        "file": "G-eleven_playful-AFFIG-327eaa33-9dea-4188-ad6a-c204c79a6666.mp3"
      },
      {
        "id": "2a0ec07e-d02f-41af-99f9-2cf382c55ae1",
        "letter": "G",
        "difficulty": "AFFIG",
        "created": 1763158168927,
        "file": "G-eleven_storytime-AFFIG-2a0ec07e-d02f-41af-99f9-2cf382c55ae1.mp3"
      },
      {
        "id": "2c76ca4a-43a6-4a96-add5-b4b54d42a7e7",
        "letter": "H",
        "difficulty": "LEICHT",
        "created": 1763158169980,
        "file": "H-eleven_playful-LEICHT-2c76ca4a-43a6-4a96-add5-b4b54d42a7e7.mp3"
      },
      {
        "id": "afe5be91-375b-4d37-801a-a2326e03baf7",
        "letter": "G",
        "difficulty": "AFFIG",
        "created": 1763158169996,
        "file": "G-eleven_teacher-AFFIG-afe5be91-375b-4d37-801a-a2326e03baf7.mp3"
      },
      {
        "id": "cbc9f68a-e89b-49f3-ae49-f55f636edb9e",
        "letter": "H",
        "difficulty": "LEICHT",
        "created": 1763158171048,
        "file": "H-eleven_teacher-LEICHT-cbc9f68a-e89b-49f3-ae49-f55f636edb9e.mp3"
      },
      {
        "id": "1722445d-b539-45b8-875f-0e2227df677e",
        "letter": "H",
        "difficulty": "LEICHT",
        "created": 1763158171178,
        "file": "H-eleven_storytime-LEICHT-1722445d-b539-45b8-875f-0e2227df677e.mp3"
      },
      {
        "id": "ed598d97-c7ec-4909-a0d8-bafb8754340a",
        "letter": "H",
        "difficulty": "MITTEL",
        "created": 1763158172153,
        "file": "H-eleven_playful-MITTEL-ed598d97-c7ec-4909-a0d8-bafb8754340a.mp3"
      },
      {
        "id": "b953ea1a-3473-4387-a5a7-ea424d6cb6f0",
        "letter": "H",
        "difficulty": "MITTEL",
        "created": 1763158172155,
        "file": "H-eleven_storytime-MITTEL-b953ea1a-3473-4387-a5a7-ea424d6cb6f0.mp3"
      },
      {
        "id": "38800ade-a534-4a32-9304-404c6ef4173d",
        "letter": "H",
        "difficulty": "SCHWER",
        "created": 1763158173549,
        "file": "H-eleven_playful-SCHWER-38800ade-a534-4a32-9304-404c6ef4173d.mp3"
      },
      {
        "id": "3af795c6-9987-4916-a172-541f091eaaa1",
        "letter": "H",
        "difficulty": "MITTEL",
        "created": 1763158173564,
        "file": "H-eleven_teacher-MITTEL-3af795c6-9987-4916-a172-541f091eaaa1.mp3"
      },
      {
        "id": "a83c7cfe-a2d5-4e7c-b3bd-7fc0f748af48",
        "letter": "H",
        "difficulty": "SCHWER",
        "created": 1763158174738,
        "file": "H-eleven_teacher-SCHWER-a83c7cfe-a2d5-4e7c-b3bd-7fc0f748af48.mp3"
      },
      {
        "id": "69626170-1943-44c7-a8bd-1d96767caf78",
        "letter": "H",
        "difficulty": "SCHWER",
        "created": 1763158175194,
        "file": "H-eleven_storytime-SCHWER-69626170-1943-44c7-a8bd-1d96767caf78.mp3"
      },
      {
        "id": "de8616ad-7f44-496a-9797-83bebbab14f8",
        "letter": "H",
        "difficulty": "AFFIG",
        "created": 1763158176220,
        "file": "H-eleven_playful-AFFIG-de8616ad-7f44-496a-9797-83bebbab14f8.mp3"
      },
      {
        "id": "cff37143-b8e2-4f8a-b2c3-68e3285bd88d",
        "letter": "H",
        "difficulty": "AFFIG",
        "created": 1763158176604,
        "file": "H-eleven_storytime-AFFIG-cff37143-b8e2-4f8a-b2c3-68e3285bd88d.mp3"
      },
      {
        "id": "ed114ae5-d04e-48e9-83b7-a9f719e19c60",
        "letter": "H",
        "difficulty": "AFFIG",
        "created": 1763158177602,
        "file": "H-eleven_teacher-AFFIG-ed114ae5-d04e-48e9-83b7-a9f719e19c60.mp3"
      },
      {
        "id": "297ba10b-13e8-4300-b419-5d449e61994b",
        "letter": "I",
        "difficulty": "LEICHT",
        "created": 1763158177693,
        "file": "I-eleven_playful-LEICHT-297ba10b-13e8-4300-b419-5d449e61994b.mp3"
      },
      {
        "id": "25e7c058-2c70-4db9-ae30-dfce29fd8e34",
        "letter": "I",
        "difficulty": "LEICHT",
        "created": 1763158178772,
        "file": "I-eleven_storytime-LEICHT-25e7c058-2c70-4db9-ae30-dfce29fd8e34.mp3"
      },
      {
        "id": "a66ffbf7-dd09-4413-a180-455a34bb9148",
        "letter": "I",
        "difficulty": "LEICHT",
        "created": 1763158178794,
        "file": "I-eleven_teacher-LEICHT-a66ffbf7-dd09-4413-a180-455a34bb9148.mp3"
      },
      {
        "id": "5cc87dd1-f80e-415c-8b4d-8fe3c8d1da50",
        "letter": "I",
        "difficulty": "MITTEL",
        "created": 1763158179770,
        "file": "I-eleven_playful-MITTEL-5cc87dd1-f80e-415c-8b4d-8fe3c8d1da50.mp3"
      },
      {
        "id": "b858d263-c103-489f-a84e-ce2e2ef237e0",
        "letter": "I",
        "difficulty": "MITTEL",
        "created": 1763158179792,
        "file": "I-eleven_storytime-MITTEL-b858d263-c103-489f-a84e-ce2e2ef237e0.mp3"
      },
      {
        "id": "5f96826d-e4e3-4337-a8b4-0e0d821fd759",
        "letter": "I",
        "difficulty": "MITTEL",
        "created": 1763158180829,
        "file": "I-eleven_teacher-MITTEL-5f96826d-e4e3-4337-a8b4-0e0d821fd759.mp3"
      },
      {
        "id": "b1503e68-2012-4ccf-be0f-e3b34e39cee2",
        "letter": "I",
        "difficulty": "SCHWER",
        "created": 1763158180847,
        "file": "I-eleven_playful-SCHWER-b1503e68-2012-4ccf-be0f-e3b34e39cee2.mp3"
      },
      {
        "id": "871709a5-1b84-4d5e-bc9c-16c92d821086",
        "letter": "I",
        "difficulty": "SCHWER",
        "created": 1763158181911,
        "file": "I-eleven_storytime-SCHWER-871709a5-1b84-4d5e-bc9c-16c92d821086.mp3"
      },
      {
        "id": "4ce641dd-3c31-40ee-bd2d-6a98a5b51c41",
        "letter": "I",
        "difficulty": "SCHWER",
        "created": 1763158181981,
        "file": "I-eleven_teacher-SCHWER-4ce641dd-3c31-40ee-bd2d-6a98a5b51c41.mp3"
      },
      {
        "id": "88cb616b-1ecd-42cd-8113-378d29962bf4",
        "letter": "I",
        "difficulty": "AFFIG",
        "created": 1763158183639,
        "file": "I-eleven_storytime-AFFIG-88cb616b-1ecd-42cd-8113-378d29962bf4.mp3"
      },
      {
        "id": "38fabaf2-4a60-4ea6-878a-9efe893edd84",
        "letter": "I",
        "difficulty": "AFFIG",
        "created": 1763158183669,
        "file": "I-eleven_playful-AFFIG-38fabaf2-4a60-4ea6-878a-9efe893edd84.mp3"
      },
      {
        "id": "83e84264-fdc4-48e6-92d5-af6c27a1ff97",
        "letter": "J",
        "difficulty": "LEICHT",
        "created": 1763158184711,
        "file": "J-eleven_playful-LEICHT-83e84264-fdc4-48e6-92d5-af6c27a1ff97.mp3"
      },
      {
        "id": "bdfec0bc-e595-4df9-b8a9-e696c941cf8e",
        "letter": "I",
        "difficulty": "AFFIG",
        "created": 1763158185244,
        "file": "I-eleven_teacher-AFFIG-bdfec0bc-e595-4df9-b8a9-e696c941cf8e.mp3"
      },
      {
        "id": "d1d5e682-26bb-46a4-bda3-0b8c3bd5f661",
        "letter": "J",
        "difficulty": "LEICHT",
        "created": 1763158185804,
        "file": "J-eleven_storytime-LEICHT-d1d5e682-26bb-46a4-bda3-0b8c3bd5f661.mp3"
      },
      {
        "id": "d99463f8-4df9-47a8-b7bd-d8810061bc4f",
        "letter": "J",
        "difficulty": "LEICHT",
        "created": 1763158186300,
        "file": "J-eleven_teacher-LEICHT-d99463f8-4df9-47a8-b7bd-d8810061bc4f.mp3"
      },
      {
        "id": "0467576b-22ff-4543-b8ef-d074eebb1279",
        "letter": "J",
        "difficulty": "MITTEL",
        "created": 1763158186818,
        "file": "J-eleven_playful-MITTEL-0467576b-22ff-4543-b8ef-d074eebb1279.mp3"
      },
      {
        "id": "7c5890e2-803a-462f-b77e-b9ef61f2bed8",
        "letter": "J",
        "difficulty": "MITTEL",
        "created": 1763158187416,
        "file": "J-eleven_storytime-MITTEL-7c5890e2-803a-462f-b77e-b9ef61f2bed8.mp3"
      },
      {
        "id": "79cd64ca-116c-4c1c-b989-4cf9f5a0bcf9",
        "letter": "J",
        "difficulty": "MITTEL",
        "created": 1763158187886,
        "file": "J-eleven_teacher-MITTEL-79cd64ca-116c-4c1c-b989-4cf9f5a0bcf9.mp3"
      },
      {
        "id": "b891ad19-775a-4cad-b94a-7d17210dc008",
        "letter": "J",
        "difficulty": "SCHWER",
        "created": 1763158188518,
        "file": "J-eleven_playful-SCHWER-b891ad19-775a-4cad-b94a-7d17210dc008.mp3"
      },
      {
        "id": "27cdbf42-70bb-4602-ba15-90f191457fff",
        "letter": "J",
        "difficulty": "SCHWER",
        "created": 1763158189108,
        "file": "J-eleven_storytime-SCHWER-27cdbf42-70bb-4602-ba15-90f191457fff.mp3"
      },
      {
        "id": "454b3674-19b7-4405-95eb-b1cb684c2f63",
        "letter": "J",
        "difficulty": "SCHWER",
        "created": 1763158189722,
        "file": "J-eleven_teacher-SCHWER-454b3674-19b7-4405-95eb-b1cb684c2f63.mp3"
      },
      {
        "id": "6fe81ee4-1d6b-4a2b-88e9-2448769d7b45",
        "letter": "J",
        "difficulty": "AFFIG",
        "created": 1763158190806,
        "file": "J-eleven_playful-AFFIG-6fe81ee4-1d6b-4a2b-88e9-2448769d7b45.mp3"
      },
      {
        "id": "f61b08a0-66e0-4956-92c2-2df7868dc483",
        "letter": "J",
        "difficulty": "AFFIG",
        "created": 1763158191354,
        "file": "J-eleven_storytime-AFFIG-f61b08a0-66e0-4956-92c2-2df7868dc483.mp3"
      },
      {
        "id": "93362e2c-5a58-42c4-90cf-5e39c811d4b3",
        "letter": "J",
        "difficulty": "AFFIG",
        "created": 1763158192369,
        "file": "J-eleven_teacher-AFFIG-93362e2c-5a58-42c4-90cf-5e39c811d4b3.mp3"
      },
      {
        "id": "e8386062-c491-46be-b15b-bb1038c4deb8",
        "letter": "K",
        "difficulty": "LEICHT",
        "created": 1763158192526,
        "file": "K-eleven_playful-LEICHT-e8386062-c491-46be-b15b-bb1038c4deb8.mp3"
      },
      {
        "id": "f233a34b-f6cd-4435-8d13-255a637b3a9d",
        "letter": "K",
        "difficulty": "LEICHT",
        "created": 1763158193403,
        "file": "K-eleven_storytime-LEICHT-f233a34b-f6cd-4435-8d13-255a637b3a9d.mp3"
      },
      {
        "id": "9f2c1510-d526-4df7-9336-be6a7b47d6ec",
        "letter": "K",
        "difficulty": "LEICHT",
        "created": 1763158193618,
        "file": "K-eleven_teacher-LEICHT-9f2c1510-d526-4df7-9336-be6a7b47d6ec.mp3"
      },
      {
        "id": "43d2bf3a-f080-41de-808f-20c259793372",
        "letter": "K",
        "difficulty": "MITTEL",
        "created": 1763158194470,
        "file": "K-eleven_playful-MITTEL-43d2bf3a-f080-41de-808f-20c259793372.mp3"
      },
      {
        "id": "3f8a6ebb-ac11-49bf-992e-08d1a0dc2f9a",
        "letter": "K",
        "difficulty": "MITTEL",
        "created": 1763158194640,
        "file": "K-eleven_storytime-MITTEL-3f8a6ebb-ac11-49bf-992e-08d1a0dc2f9a.mp3"
      },
      {
        "id": "ee8455a9-ff1a-4037-bf5f-0c13e72cbf09",
        "letter": "K",
        "difficulty": "MITTEL",
        "created": 1763158195467,
        "file": "K-eleven_teacher-MITTEL-ee8455a9-ff1a-4037-bf5f-0c13e72cbf09.mp3"
      },
      {
        "id": "50331178-5e45-4b3a-8edc-d8bad2deaeb5",
        "letter": "K",
        "difficulty": "SCHWER",
        "created": 1763158195956,
        "file": "K-eleven_playful-SCHWER-50331178-5e45-4b3a-8edc-d8bad2deaeb5.mp3"
      },
      {
        "id": "dbb47477-b6e2-4bba-a848-c3646f8c9d53",
        "letter": "K",
        "difficulty": "SCHWER",
        "created": 1763158196691,
        "file": "K-eleven_storytime-SCHWER-dbb47477-b6e2-4bba-a848-c3646f8c9d53.mp3"
      },
      {
        "id": "877a1517-197a-4fb9-a981-647c438b6d15",
        "letter": "K",
        "difficulty": "SCHWER",
        "created": 1763158197190,
        "file": "K-eleven_teacher-SCHWER-877a1517-197a-4fb9-a981-647c438b6d15.mp3"
      },
      {
        "id": "ea48a81e-6d14-4755-8d6a-c3b5c051e633",
        "letter": "K",
        "difficulty": "AFFIG",
        "created": 1763158198170,
        "file": "K-eleven_playful-AFFIG-ea48a81e-6d14-4755-8d6a-c3b5c051e633.mp3"
      },
      {
        "id": "368b0e71-ae56-461e-9963-092b56cb4a87",
        "letter": "K",
        "difficulty": "AFFIG",
        "created": 1763158198772,
        "file": "K-eleven_storytime-AFFIG-368b0e71-ae56-461e-9963-092b56cb4a87.mp3"
      },
      {
        "id": "e8c8ced5-7ada-4e52-b0ad-7a4e441e96f9",
        "letter": "K",
        "difficulty": "AFFIG",
        "created": 1763158199632,
        "file": "K-eleven_teacher-AFFIG-e8c8ced5-7ada-4e52-b0ad-7a4e441e96f9.mp3"
      },
      {
        "id": "ea6065ab-b4f0-4fab-ba1f-a24dffd60fa9",
        "letter": "L",
        "difficulty": "LEICHT",
        "created": 1763158199855,
        "file": "L-eleven_playful-LEICHT-ea6065ab-b4f0-4fab-ba1f-a24dffd60fa9.mp3"
      },
      {
        "id": "f3f4e55c-3af2-43bf-80e3-d678ed797678",
        "letter": "L",
        "difficulty": "LEICHT",
        "created": 1763158200746,
        "file": "L-eleven_storytime-LEICHT-f3f4e55c-3af2-43bf-80e3-d678ed797678.mp3"
      },
      {
        "id": "bcf7ee28-ca85-455a-b325-c4e8d723e0ff",
        "letter": "L",
        "difficulty": "LEICHT",
        "created": 1763158200876,
        "file": "L-eleven_teacher-LEICHT-bcf7ee28-ca85-455a-b325-c4e8d723e0ff.mp3"
      },
      {
        "id": "a470742b-90e9-4fc7-b428-67b1b069df67",
        "letter": "L",
        "difficulty": "MITTEL",
        "created": 1763158201791,
        "file": "L-eleven_storytime-MITTEL-a470742b-90e9-4fc7-b428-67b1b069df67.mp3"
      },
      {
        "id": "40e2e34a-a0c5-45ec-88fe-a53405f548b8",
        "letter": "L",
        "difficulty": "MITTEL",
        "created": 1763158201908,
        "file": "L-eleven_playful-MITTEL-40e2e34a-a0c5-45ec-88fe-a53405f548b8.mp3"
      },
      {
        "id": "eaf3f7a3-f6a6-4b84-bead-6fc0dccb8ebd",
        "letter": "L",
        "difficulty": "MITTEL",
        "created": 1763158202702,
        "file": "L-eleven_teacher-MITTEL-eaf3f7a3-f6a6-4b84-bead-6fc0dccb8ebd.mp3"
      },
      {
        "id": "5731d7dd-f010-4eef-a9db-1ee84237f11a",
        "letter": "L",
        "difficulty": "SCHWER",
        "created": 1763158203066,
        "file": "L-eleven_playful-SCHWER-5731d7dd-f010-4eef-a9db-1ee84237f11a.mp3"
      },
      {
        "id": "4ff7871a-8643-4b3e-8bac-3195d1792526",
        "letter": "L",
        "difficulty": "SCHWER",
        "created": 1763158203827,
        "file": "L-eleven_storytime-SCHWER-4ff7871a-8643-4b3e-8bac-3195d1792526.mp3"
      },
      {
        "id": "ea4365eb-29d4-41e9-9591-31d88676ff6a",
        "letter": "L",
        "difficulty": "SCHWER",
        "created": 1763158204192,
        "file": "L-eleven_teacher-SCHWER-ea4365eb-29d4-41e9-9591-31d88676ff6a.mp3"
      },
      {
        "id": "1fff9da9-418e-489e-b6c3-91abd74675b1",
        "letter": "L",
        "difficulty": "AFFIG",
        "created": 1763158205683,
        "file": "L-eleven_playful-AFFIG-1fff9da9-418e-489e-b6c3-91abd74675b1.mp3"
      },
      {
        "id": "6aa1094a-f572-43b7-b123-36b37057f60a",
        "letter": "L",
        "difficulty": "AFFIG",
        "created": 1763158206054,
        "file": "L-eleven_storytime-AFFIG-6aa1094a-f572-43b7-b123-36b37057f60a.mp3"
      },
      {
        "id": "0d20b65b-f9ae-4a95-b2d4-6545a32bf446",
        "letter": "M",
        "difficulty": "LEICHT",
        "created": 1763158207170,
        "file": "M-eleven_playful-LEICHT-0d20b65b-f9ae-4a95-b2d4-6545a32bf446.mp3"
      },
      {
        "id": "f81f43b2-f5dc-43a7-b897-df474c3c5fdf",
        "letter": "L",
        "difficulty": "AFFIG",
        "created": 1763158207378,
        "file": "L-eleven_teacher-AFFIG-f81f43b2-f5dc-43a7-b897-df474c3c5fdf.mp3"
      },
      {
        "id": "89c1f6a5-58a4-492f-aff8-fbfd9d20a18e",
        "letter": "M",
        "difficulty": "LEICHT",
        "created": 1763158208163,
        "file": "M-eleven_storytime-LEICHT-89c1f6a5-58a4-492f-aff8-fbfd9d20a18e.mp3"
      },
      {
        "id": "dd738b04-fb01-4750-89c1-22c1c4da8e32",
        "letter": "M",
        "difficulty": "LEICHT",
        "created": 1763158208441,
        "file": "M-eleven_teacher-LEICHT-dd738b04-fb01-4750-89c1-22c1c4da8e32.mp3"
      },
      {
        "id": "000abdad-0913-4eb2-b12f-cb8a6083aea3",
        "letter": "M",
        "difficulty": "MITTEL",
        "created": 1763158209075,
        "file": "M-eleven_playful-MITTEL-000abdad-0913-4eb2-b12f-cb8a6083aea3.mp3"
      },
      {
        "id": "5db3f048-52e7-4042-9e87-16f7e59f381a",
        "letter": "M",
        "difficulty": "MITTEL",
        "created": 1763158209474,
        "file": "M-eleven_storytime-MITTEL-5db3f048-52e7-4042-9e87-16f7e59f381a.mp3"
      },
      {
        "id": "62f09b5b-6f13-4e31-b55b-2be3707cadd8",
        "letter": "M",
        "difficulty": "MITTEL",
        "created": 1763158210195,
        "file": "M-eleven_teacher-MITTEL-62f09b5b-6f13-4e31-b55b-2be3707cadd8.mp3"
      },
      {
        "id": "8c225d80-9fa4-460d-8146-604950df20b1",
        "letter": "M",
        "difficulty": "SCHWER",
        "created": 1763158210769,
        "file": "M-eleven_playful-SCHWER-8c225d80-9fa4-460d-8146-604950df20b1.mp3"
      },
      {
        "id": "829c52f0-b5f8-4519-b2d3-78e5a7e433ec",
        "letter": "M",
        "difficulty": "SCHWER",
        "created": 1763158211495,
        "file": "M-eleven_storytime-SCHWER-829c52f0-b5f8-4519-b2d3-78e5a7e433ec.mp3"
      },
      {
        "id": "802b7065-ad91-4b34-a112-61d99116e2d1",
        "letter": "M",
        "difficulty": "SCHWER",
        "created": 1763158211915,
        "file": "M-eleven_teacher-SCHWER-802b7065-ad91-4b34-a112-61d99116e2d1.mp3"
      },
      {
        "id": "6c5d1713-817c-4d62-8aa6-c339da72f61c",
        "letter": "M",
        "difficulty": "AFFIG",
        "created": 1763158213166,
        "file": "M-eleven_playful-AFFIG-6c5d1713-817c-4d62-8aa6-c339da72f61c.mp3"
      },
      {
        "id": "c47628a1-fe47-4cfa-b722-c642371a37ee",
        "letter": "M",
        "difficulty": "AFFIG",
        "created": 1763158213650,
        "file": "M-eleven_storytime-AFFIG-c47628a1-fe47-4cfa-b722-c642371a37ee.mp3"
      },
      {
        "id": "9e86f647-02c9-4c23-a8bb-d139415db565",
        "letter": "M",
        "difficulty": "AFFIG",
        "created": 1763158214855,
        "file": "M-eleven_teacher-AFFIG-9e86f647-02c9-4c23-a8bb-d139415db565.mp3"
      }
    ]
  }
]