[
  {
    "id": "92a4f260-f64e-4437-bb59-763f3039ae76",
    "name": "ABC Abenteuer Stimmen",
    "emoji": "🔤",
    "created": 1763158622228,
    "clips": [
      {
        "id": "e5f67004-7e48-4371-8e5c-a29beb2afa20",
        "letter": "N",
        "difficulty": "LEICHT",
        "created": 1763158624031,
        "file": "N-eleven_storytime-LEICHT-e5f67004-7e48-4371-8e5c-a29beb2afa20.mp3"
      },
      {
        "id": "2603f38b-a771-4eee-a80d-7b668586d6bd",
        "letter": "N",
        "difficulty": "LEICHT",
        "created": 1763158624035,
        "file": "N-eleven_playful-LEICHT-2603f38b-a771-4eee-a80d-7b668586d6bd.mp3"
      },
      {
        "id": "3c5c520e-bb46-477b-bfd9-6aa94b2f8455",
        "letter": "N",
        "difficulty": "MITTEL",
        "created": 1763158625176,
        "file": "N-eleven_playful-MITTEL-3c5c520e-bb46-477b-bfd9-6aa94b2f8455.mp3"
      },
      {
        "id": "4471303b-4ab7-4ee9-b450-41a418a45143",
        "letter": "N",
        "difficulty": "LEICHT",
        "created": 1763158625242,
        "file": "N-eleven_teacher-LEICHT-4471303b-4ab7-4ee9-b450-41a418a45143.mp3"
      },
      {
        "id": "d533d373-da71-40c9-a603-7c6d69e239ed",
        "letter": "N",
        "difficulty": "MITTEL",
        "created": 1763158626226,
        "file": "N-eleven_storytime-MITTEL-d533d373-da71-40c9-a603-7c6d69e239ed.mp3"
      },
      {
        "id": "d19bcd2e-79c0-49b8-8733-a1141f3cb810",
        "letter": "N",
        "difficulty": "MITTEL",
        "created": 1763158626343,
        "file": "N-eleven_teacher-MITTEL-d19bcd2e-79c0-49b8-8733-a1141f3cb810.mp3"
      },
      {
        "id": "f20fcd6c-6430-486b-bb64-3e1d52c21912",
        "letter": "N",
        "difficulty": "SCHWER",
        "created": 1763158627582,
        "file": "N-eleven_playful-SCHWER-f20fcd6c-6430-486b-bb64-3e1d52c21912.mp3"
      },
      {
        "id": "0e90cfdb-3137-44a9-9704-e628d41ad0ea",
        "letter": "N",
        "difficulty": "SCHWER",
        "created": 1763158627625,
        "file": "N-eleven_storytime-SCHWER-0e90cfdb-3137-44a9-9704-e628d41ad0ea.mp3"
      },
      {
        "id": "0c1cb556-9e5c-43e8-85e2-e44b82fe1aa6",
        "letter": "N",
        "difficulty": "SCHWER",
        "created": 1763158628792,
        "file": "N-eleven_teacher-SCHWER-0c1cb556-9e5c-43e8-85e2-e44b82fe1aa6.mp3"
      },
      {
        "id": "e8e852f4-bda6-4507-a0fb-a3d97038b0db",
        "letter": "N",
        "difficulty": "AFFIG",
        "created": 1763158629293,
        "file": "N-eleven_playful-AFFIG-e8e852f4-bda6-4507-a0fb-a3d97038b0db.mp3"
      },
      {
        "id": "c8c6c90e-265a-49a8-b841-6ff56047e063",
        "letter": "N",
        "difficulty": "AFFIG",
        "created": 1763158630311,
        "file": "N-eleven_storytime-AFFIG-c8c6c90e-265a-49a8-b841-6ff56047e063.mp3"
      },
      {
        "id": "e630fb9b-1ad0-4dd7-bbe5-2398f3b2f3ae",
        "letter": "N",
        "difficulty": "AFFIG",
        "created": 1763158630745,
        "file": "N-eleven_teacher-AFFIG-e630fb9b-1ad0-4dd7-bbe5-2398f3b2f3ae.mp3"
      },
      {
        "id": "3266e9d7-3a74-4502-abfa-b992c4f66ab8",
        "letter": "O",
        "difficulty": "LEICHT",
        "created": 1763158631427,
        "file": "O-eleven_playful-LEICHT-3266e9d7-3a74-4502-abfa-b992c4f66ab8.mp3"
      },
      {
        "id": "669323cf-904c-496d-9f0c-38d86441ec26",
        "letter": "O",
        "difficulty": "LEICHT",
        "created": 1763158631884,
        "file": "O-eleven_storytime-LEICHT-669323cf-904c-496d-9f0c-38d86441ec26.mp3"
      },
      {
        "id": "94d00a7d-511e-4f36-a749-a7d758ebc12e",
        "letter": "O",
        "difficulty": "LEICHT",
        "created": 1763158632534,
        "file": "O-eleven_teacher-LEICHT-94d00a7d-511e-4f36-a749-a7d758ebc12e.mp3"
      },
      {
        "id": "a92c014f-d011-4307-a682-07d60c329055",
        "letter": "O",
        "difficulty": "MITTEL",
        "created": 1763158632928,
        "file": "O-eleven_playful-MITTEL-a92c014f-d011-4307-a682-07d60c329055.mp3"
      },
      {
        "id": "02de8070-b9d7-43d1-acfa-3371e7040522",
        "letter": "O",
        "difficulty": "MITTEL",
        "created": 1763158633592,
        "file": "O-eleven_storytime-MITTEL-02de8070-b9d7-43d1-acfa-3371e7040522.mp3"
      },
      {
        "id": "f86d2229-ae33-4469-bbd0-71fc5b08c580",
        "letter": "O",
        "difficulty": "MITTEL",
        "created": 1763158634068,
        "file": "O-eleven_teacher-MITTEL-f86d2229-ae33-4469-bbd0-71fc5b08c580.mp3"
      },
      {
        "id": "e95bc4fa-e374-4968-8fc8-116bd6ba98b3",
        "letter": "O",
        "difficulty": "SCHWER",
        "created": 1763158634738,
        "file": "O-eleven_playful-SCHWER-e95bc4fa-e374-4968-8fc8-116bd6ba98b3.mp3"
      },
      {
        "id": "6d23b152-60bb-448f-b850-202d1ef00946",
        "letter": "O",
        "difficulty": "SCHWER",
        "created": 1763158635166,
        "file": "O-eleven_storytime-SCHWER-6d23b152-60bb-448f-b850-202d1ef00946.mp3"
      },
      {
        "id": "5a79fbf5-77d0-45ef-ac78-6d5f1bbda13d",
        "letter": "O",
        "difficulty": "SCHWER",
        "created": 1763158635811,
        "file": "O-eleven_teacher-SCHWER-5a79fbf5-77d0-45ef-ac78-6d5f1bbda13d.mp3"
      },
      {
        "id": "ec773c78-8a61-47f0-85e2-e58a99468f89",
        "letter": "O",
        "difficulty": "AFFIG",
        "created": 1763158637003,
        "file": "O-eleven_playful-AFFIG-ec773c78-8a61-47f0-85e2-e58a99468f89.mp3"
      },
      {
        "id": "e47a0434-6414-44df-88f8-9f3cc81cef31",
        "letter": "O",
        "difficulty": "AFFIG",
        "created": 1763158637606,
        "file": "O-eleven_storytime-AFFIG-e47a0434-6414-44df-88f8-9f3cc81cef31.mp3"
      },
      {
        "id": "bc440f99-3161-40ba-bfa4-7bfc3c58e62f",
        "letter": "P",
        "difficulty": "LEICHT",
        "created": 1763158638839,
        "file": "P-eleven_playful-LEICHT-bc440f99-3161-40ba-bfa4-7bfc3c58e62f.mp3"
      },
      {
        "id": "f1977f98-44a0-48b0-9385-8b7c7739508d",
        "letter": "O",
        "difficulty": "AFFIG",
        "created": 1763158638873,
        "file": "O-eleven_teacher-AFFIG-f1977f98-44a0-48b0-9385-8b7c7739508d.mp3"
      },
      {
        "id": "7e3eefda-3121-4e3d-9265-3a400735f5d9",
        "letter": "P",
        "difficulty": "LEICHT",
        "created": 1763158639919,
        "file": "P-eleven_storytime-LEICHT-7e3eefda-3121-4e3d-9265-3a400735f5d9.mp3"
      },
      {
        "id": "3a23260a-ea72-4a4f-a2d6-3361f3cea9e8",
        "letter": "P",
        "difficulty": "LEICHT",
        "created": 1763158639935,
        "file": "P-eleven_teacher-LEICHT-3a23260a-ea72-4a4f-a2d6-3361f3cea9e8.mp3"
      },
      {
        "id": "ae34b3fb-afb5-4f1b-8e99-e9feee1b75c7",
        "letter": "P",
        "difficulty": "MITTEL",
        "created": 1763158641029,
        "file": "P-eleven_storytime-MITTEL-ae34b3fb-afb5-4f1b-8e99-e9feee1b75c7.mp3"
      },
      {
        "id": "94c91ea3-2a8c-4253-962d-87fa55a91716",
        "letter": "P",
        "difficulty": "MITTEL",
        "created": 1763158641039,
        "file": "P-eleven_playful-MITTEL-94c91ea3-2a8c-4253-962d-87fa55a91716.mp3"
      },
      {
        "id": "92fbe700-c4e8-4e74-8c7d-2a00306266ac",
        "letter": "P",
        "difficulty": "MITTEL",
        "created": 1763158642021,
        "file": "P-eleven_teacher-MITTEL-92fbe700-c4e8-4e74-8c7d-2a00306266ac.mp3"
      },
      {
        "id": "98ec0d64-2b46-432a-88d5-4209304bea1d",
        "letter": "P",
        "difficulty": "SCHWER",
        "created": 1763158642511,
        "file": "P-eleven_playful-SCHWER-98ec0d64-2b46-432a-88d5-4209304bea1d.mp3"
      },
      {
        "id": "f4ff1263-e3fc-49a5-ab15-f4776a19b835",
        "letter": "P",
        "difficulty": "SCHWER",
        "created": 1763158643202,
        "file": "P-eleven_storytime-SCHWER-f4ff1263-e3fc-49a5-ab15-f4776a19b835.mp3"
      },
      {
        "id": "564e8c66-d28c-4109-a788-c5efcc71c4f5",
        "letter": "P",
        "difficulty": "SCHWER",
        "created": 1763158643720,
        "file": "P-eleven_teacher-SCHWER-564e8c66-d28c-4109-a788-c5efcc71c4f5.mp3"
      },
      {
        "id": "ef83bb8d-f877-4411-b570-090311b28de3",
        "letter": "P",
        "difficulty": "AFFIG",
        "created": 1763158645040,
        "file": "P-eleven_playful-AFFIG-ef83bb8d-f877-4411-b570-090311b28de3.mp3"
      },
      {
        "id": "a21e988d-edfa-49d3-9043-0d7ab6a7a184",
        "letter": "P",
        "difficulty": "AFFIG",
        "created": 1763158645557,
        "file": "P-eleven_storytime-AFFIG-a21e988d-edfa-49d3-9043-0d7ab6a7a184.mp3"
      },
      {
        "id": "751960d2-f7a8-4759-9916-8beced5dc651",
        "letter": "Q",
        "difficulty": "LEICHT",
        "created": 1763158646712,
        "file": "Q-eleven_playful-LEICHT-751960d2-f7a8-4759-9916-8beced5dc651.mp3"
      },
      {
        "id": "49a291e3-83fb-49c5-aacd-f9e382352811",
        "letter": "P",
        "difficulty": "AFFIG",
        "created": 1763158646760,
        "file": "P-eleven_teacher-AFFIG-49a291e3-83fb-49c5-aacd-f9e382352811.mp3"
      },
      {
        "id": "6f12b5a5-9620-4d37-a121-ad3a0f6d9580",
        "letter": "Q",
        "difficulty": "LEICHT",
        "created": 1763158647774,
        "file": "Q-eleven_storytime-LEICHT-6f12b5a5-9620-4d37-a121-ad3a0f6d9580.mp3"
      },
      {
        "id": "26081517-6164-4a43-86d0-61423664128a",
        "letter": "Q",
        "difficulty": "LEICHT",
        "created": 1763158647836,
        "file": "Q-eleven_teacher-LEICHT-26081517-6164-4a43-86d0-61423664128a.mp3"
      },
      {
        "id": "fe8ad646-1210-4b1e-964b-670936ff7d67",
        "letter": "Q",
        "difficulty": "MITTEL",
        "created": 1763158648862,
        "file": "Q-eleven_storytime-MITTEL-fe8ad646-1210-4b1e-964b-670936ff7d67.mp3"
      },
      {
        "id": "e0bf8bd1-42ff-4856-a0bd-19b35b0287a5",
        "letter": "Q",
        "difficulty": "MITTEL",
        "created": 1763158649676,
        "file": "Q-eleven_playful-MITTEL-e0bf8bd1-42ff-4856-a0bd-19b35b0287a5.mp3"
      },
      {
        "id": "dabed518-a47a-4565-ad17-7e507d9fd2b2",
        "letter": "Q",
        "difficulty": "MITTEL",
        "created": 1763158649993,
        "file": "Q-eleven_teacher-MITTEL-dabed518-a47a-4565-ad17-7e507d9fd2b2.mp3"
      },
      {
        "id": "73296e49-eecf-425c-851e-4e4dbb75e313",
        "letter": "Q",
        "difficulty": "SCHWER",
        "created": 1763158650959,
        "file": "Q-eleven_playful-SCHWER-73296e49-eecf-425c-851e-4e4dbb75e313.mp3"
      },
      {
        "id": "b78f80b0-6d2c-446d-9f9b-0ddb58f02769",
        "letter": "Q",
        "difficulty": "SCHWER",
        "created": 1763158651338,
        "file": "Q-eleven_storytime-SCHWER-b78f80b0-6d2c-446d-9f9b-0ddb58f02769.mp3"
      },
      {
        "id": "e48a3ad6-f199-4ff7-a163-02852870111a",
        "letter": "Q",
        "difficulty": "SCHWER",
        "created": 1763158652172,
        "file": "Q-eleven_teacher-SCHWER-e48a3ad6-f199-4ff7-a163-02852870111a.mp3"
      },
      {
        "id": "366f14d2-de8d-4a1d-94d3-96ead2af12b3",
        "letter": "Q",
        "difficulty": "AFFIG",
        "created": 1763158652839,
        "file": "Q-eleven_playful-AFFIG-366f14d2-de8d-4a1d-94d3-96ead2af12b3.mp3"
      },
      {
        "id": "5d92b00c-0874-4710-979c-e6bbf2e86614",
        "letter": "Q",
        "difficulty": "AFFIG",
        "created": 1763158653760,
        "file": "Q-eleven_storytime-AFFIG-5d92b00c-0874-4710-979c-e6bbf2e86614.mp3"
      },
      {
        "id": "6f2a742d-a76c-4ac6-836e-de3c3265ee63",
        "letter": "Q",
        "difficulty": "AFFIG",
        "created": 1763158654435,
        "file": "Q-eleven_teacher-AFFIG-6f2a742d-a76c-4ac6-836e-de3c3265ee63.mp3"
      },
      {
        "id": "a923873c-1de0-47d3-9a85-878030f4fb5e",
        "letter": "R",
        "difficulty": "LEICHT",
        "created": 1763158655051,
        "file": "R-eleven_playful-LEICHT-a923873c-1de0-47d3-9a85-878030f4fb5e.mp3"
      },
      {
        "id": "10e991d6-4c79-4336-8b0e-208d5e9f1295",
        "letter": "R",
        "difficulty": "LEICHT",
        "created": 1763158655571,
        "file": "R-eleven_storytime-LEICHT-10e991d6-4c79-4336-8b0e-208d5e9f1295.mp3"
      },
      {
        "id": "ae0845f3-831a-4e7f-a192-76665777699f",
        "letter": "R",
        "difficulty": "LEICHT",
        "created": 1763158656145,
        "file": "R-eleven_teacher-LEICHT-ae0845f3-831a-4e7f-a192-76665777699f.mp3"
      },
      {
        "id": "d8fd2744-01ba-4091-8cfd-fb83c060e2bf",
        "letter": "R",
        "difficulty": "MITTEL",
        "created": 1763158656633,
        "file": "R-eleven_playful-MITTEL-d8fd2744-01ba-4091-8cfd-fb83c060e2bf.mp3"
      },
      {
        "id": "609054a4-8020-4410-b4b8-fb53eb46f88e",
        "letter": "R",
        "difficulty": "MITTEL",
        "created": 1763158657239,
        "file": "R-eleven_storytime-MITTEL-609054a4-8020-4410-b4b8-fb53eb46f88e.mp3"
      },
      {
        "id": "f20d864f-b37f-4f21-a42e-69d03b9b62ce",
        "letter": "R",
        "difficulty": "MITTEL",
        "created": 1763158657693,
        "file": "R-eleven_teacher-MITTEL-f20d864f-b37f-4f21-a42e-69d03b9b62ce.mp3"
      },
      {
        "id": "3c515718-1360-45af-a6c2-bfe6c444599a",
        "letter": "R",
        "difficulty": "SCHWER",
        "created": 1763158658391,
        "file": "R-eleven_playful-SCHWER-3c515718-1360-45af-a6c2-bfe6c444599a.mp3"
      },
      {
        "id": "484db28b-9d16-4842-9890-f8222eb53b4e",
        "letter": "R",
        "difficulty": "SCHWER",
        "created": 1763158658824,
        "file": "R-eleven_storytime-SCHWER-484db28b-9d16-4842-9890-f8222eb53b4e.mp3"
      },
      {
        "id": "22723c44-372d-4955-85ce-9e54e443d3d4",
        "letter": "R",
        "difficulty": "SCHWER",
        "created": 1763158659486,
        "file": "R-eleven_teacher-SCHWER-22723c44-372d-4955-85ce-9e54e443d3d4.mp3"
      },
      {
        "id": "57071227-6a1f-437a-8423-398e02f18541",
        "letter": "R",
        "difficulty": "AFFIG",
        "created": 1763158660625,
        "file": "R-eleven_playful-AFFIG-57071227-6a1f-437a-8423-398e02f18541.mp3"
      },
      {
        "id": "086b2b36-e88a-4351-aa96-e3b1af4e1476",
        "letter": "R",
        "difficulty": "AFFIG",
        "created": 1763158661351,
        "file": "R-eleven_storytime-AFFIG-086b2b36-e88a-4351-aa96-e3b1af4e1476.mp3"
      },
      {
        "id": "931f9c0b-20b2-499d-b0bd-ef04b6255252",
        "letter": "R",
        "difficulty": "AFFIG",
        "created": 1763158662348,
        "file": "R-eleven_teacher-AFFIG-931f9c0b-20b2-499d-b0bd-ef04b6255252.mp3"
      },
      {
        "id": "514bf6b9-5d75-4a93-a651-0bb9fac83e74",
        "letter": "S",
        "difficulty": "LEICHT",
        "created": 1763158662389,
        "file": "S-eleven_playful-LEICHT-514bf6b9-5d75-4a93-a651-0bb9fac83e74.mp3"
      },
      {
        "id": "b1d984b1-5467-4c21-9bcd-b5c47e14c17a",
        "letter": "S",
        "difficulty": "LEICHT",
        "created": 1763158663414,
        "file": "S-eleven_storytime-LEICHT-b1d984b1-5467-4c21-9bcd-b5c47e14c17a.mp3"
      },
      {
        "id": "1eaef241-5868-43fc-a483-10d06cc316d0",
        "letter": "S",
        "difficulty": "LEICHT",
        "created": 1763158663432,
        "file": "S-eleven_teacher-LEICHT-1eaef241-5868-43fc-a483-10d06cc316d0.mp3"
      },
      {
        "id": "7191af72-df8a-4e8e-8d2f-737e42ec4a79",
        "letter": "S",
        "difficulty": "MITTEL",
        "created": 1763158664491,
        "file": "S-eleven_playful-MITTEL-7191af72-df8a-4e8e-8d2f-737e42ec4a79.mp3"
      },
      {
        "id": "81ac7c88-ca75-4280-a142-954989c20a66",
        "letter": "S",
        "difficulty": "MITTEL",
        "created": 1763158664543,
        "file": "S-eleven_storytime-MITTEL-81ac7c88-ca75-4280-a142-954989c20a66.mp3"
      },
      {
        "id": "59fb8541-cfae-4044-bcba-4292c165399c",
        "letter": "S",
        "difficulty": "MITTEL",
        "created": 1763158665599,
        "file": "S-eleven_teacher-MITTEL-59fb8541-cfae-4044-bcba-4292c165399c.mp3"
      },
      {
        "id": "3d51b5b7-9d1a-4073-8703-533417c15614",
        "letter": "S",
        "difficulty": "SCHWER",
        "created": 1763158665794,
        "file": "S-eleven_playful-SCHWER-3d51b5b7-9d1a-4073-8703-533417c15614.mp3"
      },
      {
        "id": "c875d4e7-1f85-48aa-bcb3-73916903f4e1",
        "letter": "S",
        "difficulty": "SCHWER",
        "created": 1763158666764,
        "file": "S-eleven_storytime-SCHWER-c875d4e7-1f85-48aa-bcb3-73916903f4e1.mp3"
      },
      {
        "id": "2e3648f9-86ed-4c2d-ae10-7f6b230a73bd",
        "letter": "S",
        "difficulty": "SCHWER",
        "created": 1763158666922,
        "file": "S-eleven_teacher-SCHWER-2e3648f9-86ed-4c2d-ae10-7f6b230a73bd.mp3"
      },
      {
        "id": "670813f2-9ab7-4d1c-8ece-5fa78f127c22",
        "letter": "S",
        "difficulty": "AFFIG",
        "created": 1763158668621,
        "file": "S-eleven_storytime-AFFIG-670813f2-9ab7-4d1c-8ece-5fa78f127c22.mp3"
      },
      {
        "id": "4b2539b5-1ae9-4a73-b213-14bff401c574",
        "letter": "S",
        "difficulty": "AFFIG",
        "created": 1763158668634,
        "file": "S-eleven_playful-AFFIG-4b2539b5-1ae9-4a73-b213-14bff401c574.mp3"
      },
      {
        "id": "52412bd0-a74f-47ec-8d72-372c8dcdb9d4",
        "letter": "T",
        "difficulty": "LEICHT",
        "created": 1763158669731,
        "file": "T-eleven_playful-LEICHT-52412bd0-a74f-47ec-8d72-372c8dcdb9d4.mp3"
      },
      {
        "id": "15cda0fc-e7e4-472d-b255-03fb59791eff",
        "letter": "S",
        "difficulty": "AFFIG",
        "created": 1763158670217,
        "file": "S-eleven_teacher-AFFIG-15cda0fc-e7e4-472d-b255-03fb59791eff.mp3"
      },
      {
        "id": "8719cd53-07f2-4cc8-bdbe-f1d73d9ac97b",
        "letter": "T",
        "difficulty": "LEICHT",
        "created": 1763158670808,
        "file": "T-eleven_storytime-LEICHT-8719cd53-07f2-4cc8-bdbe-f1d73d9ac97b.mp3"
      },
      {
        "id": "e2537d5d-9392-438b-8b30-503e0b039f5d",
        "letter": "T",
        "difficulty": "LEICHT",
        "created": 1763158671264,
        "file": "T-eleven_teacher-LEICHT-e2537d5d-9392-438b-8b30-503e0b039f5d.mp3"
      },
      {
        "id": "41bd4427-ddd7-4264-9fc9-ad00621c9de4",
        "letter": "T",
        "difficulty": "MITTEL",
        "created": 1763158671906,
        "file": "T-eleven_playful-MITTEL-41bd4427-ddd7-4264-9fc9-ad00621c9de4.mp3"
      },
      {
        "id": "36e53c8f-968e-4281-9023-fac49c255aaa",
        "letter": "T",
        "difficulty": "MITTEL",
        "created": 1763158672284,
        "file": "T-eleven_storytime-MITTEL-36e53c8f-968e-4281-9023-fac49c255aaa.mp3"
      },
      {
        "id": "846f9a40-914c-4d58-8424-de201877c73c",
        "letter": "T",
        "difficulty": "MITTEL",
        "created": 1763158672902,
        "file": "T-eleven_teacher-MITTEL-846f9a40-914c-4d58-8424-de201877c73c.mp3"
      },
      {
        "id": "759d17b1-1c00-4d4f-b582-7203f9b72107",
        "letter": "T",
        "difficulty": "SCHWER",
        "created": 1763158673600,
        "file": "T-eleven_playful-SCHWER-759d17b1-1c00-4d4f-b582-7203f9b72107.mp3"
      },
      {
        "id": "2480f3cb-3260-41ee-ab0d-5b303398766e",
        "letter": "T",
        "difficulty": "SCHWER",
        "created": 1763158674203,
        "file": "T-eleven_storytime-SCHWER-2480f3cb-3260-41ee-ab0d-5b303398766e.mp3"
      },
      {
        "id": "269f8f3d-0255-4153-ba83-03916c020204",
        "letter": "T",
        "difficulty": "SCHWER",
        "created": 1763158674809,
        "file": "T-eleven_teacher-SCHWER-269f8f3d-0255-4153-ba83-03916c020204.mp3"
      },
      {
        "id": "b793c6df-5df0-472e-9a31-db236c8d693d",
        "letter": "T",
        "difficulty": "AFFIG",
        "created": 1763158675851,
        "file": "T-eleven_playful-AFFIG-b793c6df-5df0-472e-9a31-db236c8d693d.mp3"
      },
      {
        "id": "669aecd0-f089-48a6-b615-333f3d3edfe3",
        "letter": "T",
        "difficulty": "AFFIG",
        "created": 1763158676489,
        "file": "T-eleven_storytime-AFFIG-669aecd0-f089-48a6-b615-333f3d3edfe3.mp3"
      },
      {
        "id": "24b9adaf-e265-4bf2-b8ab-d66bb78bb3bd",
        "letter": "T",
        "difficulty": "AFFIG",
        "created": 1763158677227,
        "file": "T-eleven_teacher-AFFIG-24b9adaf-e265-4bf2-b8ab-d66bb78bb3bd.mp3"
      },
      {
        "id": "114447e2-556a-467f-8e06-8f8a2c689bb8",
        "letter": "U",
        "difficulty": "LEICHT",
        "created": 1763158677650,
        "file": "U-eleven_playful-LEICHT-114447e2-556a-467f-8e06-8f8a2c689bb8.mp3"
      },
      {
        "id": "2663789d-7883-4d8f-bc9b-c155ed57ef30",
        "letter": "U",
        "difficulty": "LEICHT",
        "created": 1763158678325,
        "file": "U-eleven_storytime-LEICHT-2663789d-7883-4d8f-bc9b-c155ed57ef30.mp3"
      },
      {
        "id": "f1a681fb-dce7-4164-9415-c095b1278723",
        "letter": "U",
        "difficulty": "LEICHT",
        "created": 1763158678798,
        "file": "U-eleven_teacher-LEICHT-f1a681fb-dce7-4164-9415-c095b1278723.mp3"
      },
      {
        "id": "478f74d8-5861-41d7-8d11-bbbaf436c566",
        "letter": "U",
        "difficulty": "MITTEL",
        "created": 1763158679348,
        "file": "U-eleven_playful-MITTEL-478f74d8-5861-41d7-8d11-bbbaf436c566.mp3"
      },
      {
        "id": "64d29333-29dd-43bb-b9c5-537dadd20960",
        "letter": "U",
        "difficulty": "MITTEL",
        "created": 1763158679868,
        "file": "U-eleven_storytime-MITTEL-64d29333-29dd-43bb-b9c5-537dadd20960.mp3"
      },
      {
        "id": "7039ed8a-6178-4b06-9ac9-ad5a9fd297d6",
        "letter": "U",
        "difficulty": "MITTEL",
        "created": 1763158680428,
        "file": "U-eleven_teacher-MITTEL-7039ed8a-6178-4b06-9ac9-ad5a9fd297d6.mp3"
      },
      {
        "id": "29897b94-aeff-4eff-a33c-8eaa2c982666",
        "letter": "U",
        "difficulty": "SCHWER",
        "created": 1763158681039,
        "file": "U-eleven_playful-SCHWER-29897b94-aeff-4eff-a33c-8eaa2c982666.mp3"
      },
      {
        "id": "aa8c1e71-252f-4ae6-b9d8-20d86fd7e3db",
        "letter": "U",
        "difficulty": "SCHWER",
        "created": 1763158681541,
        "file": "U-eleven_storytime-SCHWER-aa8c1e71-252f-4ae6-b9d8-20d86fd7e3db.mp3"
      },
      {
        "id": "53ef6cc1-83b3-431a-85c2-90eb2a604f27",
        "letter": "U",
        "difficulty": "SCHWER",
        "created": 1763158682170,
        "file": "U-eleven_teacher-SCHWER-53ef6cc1-83b3-431a-85c2-90eb2a604f27.mp3"
      },
      {
        "id": "350a52e9-3537-4ead-b92f-ab5a76054e68",
        "letter": "U",
        "difficulty": "AFFIG",
        "created": 1763158683353,
        "file": "U-eleven_playful-AFFIG-350a52e9-3537-4ead-b92f-ab5a76054e68.mp3"
      },
      {
        "id": "20c1c15e-9982-4524-a470-f1fcccadca4f",
        "letter": "U",
        "difficulty": "AFFIG",
        "created": 1763158684090,
        "file": "U-eleven_storytime-AFFIG-20c1c15e-9982-4524-a470-f1fcccadca4f.mp3"
      },
      {
        "id": "fc5f25ed-8342-4721-a2d5-dd323b36bde6",
        "letter": "U",
        "difficulty": "AFFIG",
        "created": 1763158685187,
        "file": "U-eleven_teacher-AFFIG-fc5f25ed-8342-4721-a2d5-dd323b36bde6.mp3"
      },
      {
        "id": "97f8b929-7429-400a-b7eb-19901250b310",
        "letter": "V",
        "difficulty": "LEICHT",
        "created": 1763158685262,
        "file": "V-eleven_playful-LEICHT-97f8b929-7429-400a-b7eb-19901250b310.mp3"
      },
      {
        "id": "1da505a2-9862-4f2b-a59d-3707e1bfdfe9",
        "letter": "V",
        "difficulty": "LEICHT",
        "created": 1763158686252,
        "file": "V-eleven_storytime-LEICHT-1da505a2-9862-4f2b-a59d-3707e1bfdfe9.mp3"
      },
      {
        "id": "a8e2793c-16a6-402d-9eac-4f676d63b1ca",
        "letter": "V",
        "difficulty": "LEICHT",
        "created": 1763158686311,
        "file": "V-eleven_teacher-LEICHT-a8e2793c-16a6-402d-9eac-4f676d63b1ca.mp3"
      },
      {
        "id": "4752a4ce-c9a8-49c6-9b66-9bc3d08930fb",
        "letter": "V",
        "difficulty": "MITTEL",
        "created": 1763158687342,
        "file": "V-eleven_playful-MITTEL-4752a4ce-c9a8-49c6-9b66-9bc3d08930fb.mp3"
      },
      {
        "id": "f42294cf-a986-4fda-8534-e64ca1b7502d",
        "letter": "V",
        "difficulty": "MITTEL",
        "created": 1763158687373,
        "file": "V-eleven_storytime-MITTEL-f42294cf-a986-4fda-8534-e64ca1b7502d.mp3"
      },
      {
        "id": "185b38ef-645c-4b37-b185-e46384b45112",
        "letter": "V",
        "difficulty": "MITTEL",
        "created": 1763158688376,
        "file": "V-eleven_teacher-MITTEL-185b38ef-645c-4b37-b185-e46384b45112.mp3"
      },
      {
        "id": "ebd22f2a-2130-47d4-865f-bb32b2540596",
        "letter": "V",
        "difficulty": "SCHWER",
        "created": 1763158688701,
        "file": "V-eleven_playful-SCHWER-ebd22f2a-2130-47d4-865f-bb32b2540596.mp3"
      },
      {
        "id": "9ca6eebe-26a6-4dd5-b84e-fe1b1f834fd8",
        "letter": "V",
        "difficulty": "SCHWER",
        "created": 1763158689574,
        "file": "V-eleven_storytime-SCHWER-9ca6eebe-26a6-4dd5-b84e-fe1b1f834fd8.mp3"
      },
      {
        "id": "2a1466c4-e39c-48a0-9f04-3dd74ca00bef",
        "letter": "V",
        "difficulty": "SCHWER",
        "created": 1763158689887,
        "file": "V-eleven_teacher-SCHWER-2a1466c4-e39c-48a0-9f04-3dd74ca00bef.mp3"
      },
      {
        "id": "6512e910-d39f-4d47-bc45-d7b35cce5333",
        "letter": "V",
        "difficulty": "AFFIG",
        "created": 1763158691624,
        "file": "V-eleven_playful-AFFIG-6512e910-d39f-4d47-bc45-d7b35cce5333.mp3"
      },
      {
        "id": "d35d5d3a-88ef-4c71-9be6-e97c60dab10c",
        "letter": "V",
        "difficulty": "AFFIG",
        "created": 1763158691698,
        "file": "V-eleven_storytime-AFFIG-d35d5d3a-88ef-4c71-9be6-e97c60dab10c.mp3"
      },
      {
        "id": "24174e48-0d71-47e1-992d-bb240be5fd94",
        "letter": "W",
        "difficulty": "LEICHT",
        "created": 1763158692753,
        "file": "W-eleven_playful-LEICHT-24174e48-0d71-47e1-992d-bb240be5fd94.mp3"
      },
      {
        "id": "d18c2060-add5-49ef-b5fb-906ba6499a09",
        "letter": "V",
        "difficulty": "AFFIG",
        "created": 1763158693396,
        "file": "V-eleven_teacher-AFFIG-d18c2060-add5-49ef-b5fb-906ba6499a09.mp3"
      },
      {
        "id": "bfba6ae4-deaa-44ba-80d6-7c77bc7e9abd",
        "letter": "W",
        "difficulty": "LEICHT",
        "created": 1763158693798,
        "file": "W-eleven_storytime-LEICHT-bfba6ae4-deaa-44ba-80d6-7c77bc7e9abd.mp3"
      },
      {
        "id": "f443c506-29c6-4bfc-b1a3-e588f41e1490",
        "letter": "W",
        "difficulty": "LEICHT",
        "created": 1763158694465,
        "file": "W-eleven_teacher-LEICHT-f443c506-29c6-4bfc-b1a3-e588f41e1490.mp3"
      },
      {
        "id": "ad45331b-2a5a-409f-b61f-6c93663d5f78",
        "letter": "W",
        "difficulty": "MITTEL",
        "created": 1763158694836,
        "file": "W-eleven_playful-MITTEL-ad45331b-2a5a-409f-b61f-6c93663d5f78.mp3"
      },
      {
        "id": "ed943b0f-c319-42b3-8985-1ff187695265",
        "letter": "W",
        "difficulty": "MITTEL",
        "created": 1763158695598,
        "file": "W-eleven_storytime-MITTEL-ed943b0f-c319-42b3-8985-1ff187695265.mp3"
      },
      {
        "id": "d60d36b1-fd2a-47d1-afe8-8e4f35cb2109",
        "letter": "W",
        "difficulty": "MITTEL",
        "created": 1763158695878,
        "file": "W-eleven_teacher-MITTEL-d60d36b1-fd2a-47d1-afe8-8e4f35cb2109.mp3"
      },
      {
        "id": "f1208683-34e8-48cd-ad43-6552c6e26178",
        "letter": "W",
        "difficulty": "SCHWER",
        "created": 1763158696886,
        "file": "W-eleven_playful-SCHWER-f1208683-34e8-48cd-ad43-6552c6e26178.mp3"
      },
      {
        "id": "aa39a4ab-20e3-4aa7-89bc-5901a696bd5f",
        "letter": "W",
        "difficulty": "SCHWER",
        "created": 1763158697170,
        "file": "W-eleven_storytime-SCHWER-aa39a4ab-20e3-4aa7-89bc-5901a696bd5f.mp3"
      },
      {
        "id": "22465672-fb9f-4928-92c5-7b40b1a9e10a",
        "letter": "W",
        "difficulty": "SCHWER",
        "created": 1763158698018,
        "file": "W-eleven_teacher-SCHWER-22465672-fb9f-4928-92c5-7b40b1a9e10a.mp3"
      },
      {
        "id": "29840dc6-20e6-4649-b38d-8cad1b98c1c1",
        "letter": "W",
        "difficulty": "AFFIG",
        "created": 1763158698749,
        "file": "W-eleven_playful-AFFIG-29840dc6-20e6-4649-b38d-8cad1b98c1c1.mp3"
      },
      {
        "id": "1c295520-d5e9-4e0d-a2c1-70c54073a017",
        "letter": "W",
        "difficulty": "AFFIG",
        "created": 1763158699598,
        "file": "W-eleven_storytime-AFFIG-1c295520-d5e9-4e0d-a2c1-70c54073a017.mp3"
      },
      {
        "id": "07383471-5ea8-46a3-a826-f83d73709792",
        "letter": "W",
        "difficulty": "AFFIG",
        "created": 1763158700171,
        "file": "W-eleven_teacher-AFFIG-07383471-5ea8-46a3-a826-f83d73709792.mp3"
      },
      {
        "id": "01688d90-d250-4fb1-97ee-e82b997bf721",
        "letter": "X",
        "difficulty": "LEICHT",
        "created": 1763158700751,
        "file": "X-eleven_playful-LEICHT-01688d90-d250-4fb1-97ee-e82b997bf721.mp3"
      },
      {
        "id": "ae55cca2-26a7-4690-9358-8d41e9b3a7fd",
        "letter": "X",
        "difficulty": "LEICHT",
        "created": 1763158701318,
        "file": "X-eleven_storytime-LEICHT-ae55cca2-26a7-4690-9358-8d41e9b3a7fd.mp3"
      },
      {
        "id": "1bcd8ca4-0138-446e-a619-b5667bdf8455",
        "letter": "X",
        "difficulty": "LEICHT",
        "created": 1763158701910,
        "file": "X-eleven_teacher-LEICHT-1bcd8ca4-0138-446e-a619-b5667bdf8455.mp3"
      },
      {
        "id": "747f92b9-feb2-44b5-b565-475ccd67363e",
        "letter": "X",
        "difficulty": "MITTEL",
        "created": 1763158702421,
        "file": "X-eleven_playful-MITTEL-747f92b9-feb2-44b5-b565-475ccd67363e.mp3"
      },
      {
        "id": "f339b962-2334-4e0b-a9d3-3878fdc9d628",
        "letter": "X",
        "difficulty": "MITTEL",
        "created": 1763158702939,
        "file": "X-eleven_storytime-MITTEL-f339b962-2334-4e0b-a9d3-3878fdc9d628.mp3"
      },
      {
        "id": "888fa886-08f5-427c-9be6-95fa52887b9e",
        "letter": "X",
        "difficulty": "MITTEL",
        "created": 1763158703397,
        "file": "X-eleven_teacher-MITTEL-888fa886-08f5-427c-9be6-95fa52887b9e.mp3"
      },
      {
        "id": "eb3a06a5-7ccf-4e72-b1a9-e78134cd2836",
        "letter": "X",
        "difficulty": "SCHWER",
        "created": 1763158704159,
        "file": "X-eleven_playful-SCHWER-eb3a06a5-7ccf-4e72-b1a9-e78134cd2836.mp3"
      },
      {
        "id": "ad2770e3-f6f8-4ebe-ba9d-37c37cfdf6f6",
        "letter": "X",
        "difficulty": "SCHWER",
        "created": 1763158704550,
        "file": "X-eleven_storytime-SCHWER-ad2770e3-f6f8-4ebe-ba9d-37c37cfdf6f6.mp3"
      },
      {
        "id": "1f21e88d-b896-479b-80bb-d35eae68d0a4",
        "letter": "X",
        "difficulty": "SCHWER",
        "created": 1763158705292,
        "file": "X-eleven_teacher-SCHWER-1f21e88d-b896-479b-80bb-d35eae68d0a4.mp3"
      },
      {
        "id": "3db1b327-eebd-420b-a637-94d1d6e45a0c",
        "letter": "X",
        "difficulty": "AFFIG",
        "created": 1763158706481,
        "file": "X-eleven_playful-AFFIG-3db1b327-eebd-420b-a637-94d1d6e45a0c.mp3"
      },
      {
        "id": "ff68dd7d-6a34-4304-a39b-0f76a04ce433",
        "letter": "X",
        "difficulty": "AFFIG",
        "created": 1763158707045,
        "file": "X-eleven_storytime-AFFIG-ff68dd7d-6a34-4304-a39b-0f76a04ce433.mp3"
      },
      {
        "id": "1a4c29d7-ffcb-4d6f-8866-b763a72e38b7",
        "letter": "Y",
        "difficulty": "LEICHT",
        "created": 1763158708159,
        "file": "Y-eleven_playful-LEICHT-1a4c29d7-ffcb-4d6f-8866-b763a72e38b7.mp3"
      },
      {
        "id": "d81bfc63-87ce-4f25-805e-9aa487b6d712",
        "letter": "X",
        "difficulty": "AFFIG",
        "created": 1763158708202,
        "file": "X-eleven_teacher-AFFIG-d81bfc63-87ce-4f25-805e-9aa487b6d712.mp3"
      },
      {
        "id": "d61d1cc5-df68-4007-aacd-a92d458401b5",
        "letter": "Y",
        "difficulty": "LEICHT",
        "created": 1763158709210,
        "file": "Y-eleven_storytime-LEICHT-d61d1cc5-df68-4007-aacd-a92d458401b5.mp3"
      },
      {
        "id": "8161f0c9-44ba-4c86-8180-868c7e0073b6",
        "letter": "Y",
        "difficulty": "LEICHT",
        "created": 1763158709251,
        "file": "Y-eleven_teacher-LEICHT-8161f0c9-44ba-4c86-8180-868c7e0073b6.mp3"
      },
      {
        "id": "1151678c-0626-4644-b2df-a55b6301fc88",
        "letter": "Y",
        "difficulty": "MITTEL",
        "created": 1763158710230,
        "file": "Y-eleven_playful-MITTEL-1151678c-0626-4644-b2df-a55b6301fc88.mp3"
      },
      {
        "id": "27f5b34c-8dd1-4616-8a02-4215a09fc539",
        "letter": "Y",
        "difficulty": "MITTEL",
        "created": 1763158710370,
        "file": "Y-eleven_storytime-MITTEL-27f5b34c-8dd1-4616-8a02-4215a09fc539.mp3"
      },
      {
        "id": "deaf6c7c-db51-470e-8dca-846db025e5b8",
        "letter": "Y",
        "difficulty": "MITTEL",
        "created": 1763158711270,
        "file": "Y-eleven_teacher-MITTEL-deaf6c7c-db51-470e-8dca-846db025e5b8.mp3"
      },
      {
        "id": "9b88a19e-a387-4edf-8c63-15f5b578d0ac",
        "letter": "Y",
        "difficulty": "SCHWER",
        "created": 1763158711656,
        "file": "Y-eleven_playful-SCHWER-9b88a19e-a387-4edf-8c63-15f5b578d0ac.mp3"
      },
      {
        "id": "e0aa6cdb-d737-4985-8f84-db1b0c3e8ace",
        "letter": "Y",
        "difficulty": "SCHWER",
        "created": 1763158712535,
        "file": "Y-eleven_storytime-SCHWER-e0aa6cdb-d737-4985-8f84-db1b0c3e8ace.mp3"
      },
      {
        "id": "44cecc87-fcc4-43f0-bff6-4a532ed7aa4d",
        "letter": "Y",
        "difficulty": "SCHWER",
        "created": 1763158712829,
        "file": "Y-eleven_teacher-SCHWER-44cecc87-fcc4-43f0-bff6-4a532ed7aa4d.mp3"
      },
      {
        "id": "f9ee72e7-5501-48b5-99b3-dd92fd0fc49b",
        "letter": "Y",
        "difficulty": "AFFIG",
        "created": 1763158714344,
        "file": "Y-eleven_playful-AFFIG-f9ee72e7-5501-48b5-99b3-dd92fd0fc49b.mp3"
      },
      {
        "id": "6f2662f1-67fe-4a6e-9869-8632d6a91d6a",
        "letter": "Y",
        "difficulty": "AFFIG",
        "created": 1763158714701,
        "file": "Y-eleven_storytime-AFFIG-6f2662f1-67fe-4a6e-9869-8632d6a91d6a.mp3"
      },
      {
        "id": "96b9d759-3d67-4e57-a2e3-b10671b8aef9",
        "letter": "Z",
        "difficulty": "LEICHT",
        "created": 1763158715813,
        "file": "Z-eleven_playful-LEICHT-96b9d759-3d67-4e57-a2e3-b10671b8aef9.mp3"
      },
      {
        "id": "ffa2fd73-8efe-4574-9fc4-705c0bad9221",
        "letter": "Y",
        "difficulty": "AFFIG",
        "created": 1763158716043,
        "file": "Y-eleven_teacher-AFFIG-ffa2fd73-8efe-4574-9fc4-705c0bad9221.mp3"
      },
      {
        "id": "3fdfd765-1f55-484e-90ef-d33f8cb813e4",
        "letter": "Z",
        "difficulty": "LEICHT",
        "created": 1763158716948,
        "file": "Z-eleven_storytime-LEICHT-3fdfd765-1f55-484e-90ef-d33f8cb813e4.mp3"
      },
      {
        "id": "6cf7fc63-20e8-46e0-8155-db6c65875a3e",
        "letter": "Z",
        "difficulty": "LEICHT",
        "created": 1763158717108,
        "file": "Z-eleven_teacher-LEICHT-6cf7fc63-20e8-46e0-8155-db6c65875a3e.mp3"
      },
      {
        "id": "75576e12-acd2-438a-a340-888336a936f8",
        "letter": "Z",
        "difficulty": "MITTEL",
        "created": 1763158718031,
        "file": "Z-eleven_playful-MITTEL-75576e12-acd2-438a-a340-888336a936f8.mp3"
      },
      {
        "id": "f7c3e7de-cc4d-4a36-bd44-d2a50ec337a7",
        "letter": "Z",
        "difficulty": "MITTEL",
        "created": 1763158718215,
        "file": "Z-eleven_storytime-MITTEL-f7c3e7de-cc4d-4a36-bd44-d2a50ec337a7.mp3"
      },
      {
        "id": "194092ae-4acd-44f3-b52f-d698881e9ec4",
        "letter": "Z",
        "difficulty": "MITTEL",
        "created": 1763158719145,
        "file": "Z-eleven_teacher-MITTEL-194092ae-4acd-44f3-b52f-d698881e9ec4.mp3"
      },
      {
        "id": "8d19ce7c-cea7-4dfd-a2f6-2073f49b4e10",
        "letter": "Z",
        "difficulty": "SCHWER",
        "created": 1763158719628,
        "file": "Z-eleven_playful-SCHWER-8d19ce7c-cea7-4dfd-a2f6-2073f49b4e10.mp3"
      },
      {
        "id": "ca038b43-85fc-445f-b4df-c7d234dd8153",
        "letter": "Z",
        "difficulty": "SCHWER",
        "created": 1763158720336,
        "file": "Z-eleven_storytime-SCHWER-ca038b43-85fc-445f-b4df-c7d234dd8153.mp3"
      },
      {
        "id": "ce306762-5e38-4841-8c21-c6811f028a62",
        "letter": "Z",
        "difficulty": "SCHWER",
        "created": 1763158720986,
        "file": "Z-eleven_teacher-SCHWER-ce306762-5e38-4841-8c21-c6811f028a62.mp3"
      },
      {
        "id": "956add0c-5267-42fa-8f24-9f8ad270690f",
        "letter": "Z",
        "difficulty": "AFFIG",
        "created": 1763158722289,
        "file": "Z-eleven_playful-AFFIG-956add0c-5267-42fa-8f24-9f8ad270690f.mp3"
      },
      {
        "id": "d12f1de0-4cd5-498a-b8ad-5cb13c157e8f",
        "letter": "Z",
        "difficulty": "AFFIG",
        "created": 1763158722540,
        "file": "Z-eleven_storytime-AFFIG-d12f1de0-4cd5-498a-b8ad-5cb13c157e8f.mp3"
      },
      {
        "id": "7ade8bcc-5c2f-484d-ba1c-83da8143d167",
        "letter": "Z",
        "difficulty": "AFFIG",
        "created": 1763158723928,
        "file": "Z-eleven_teacher-AFFIG-7ade8bcc-5c2f-484d-ba1c-83da8143d167.mp3"
      }
    ]
  }
]